25,Column 16,Timestamp,Mobile Number,First Name,Last Name,Date Of Birth,Age,Gender,Address,City,Email,Skin Concern,Event,Event Date,Column 1
S02,,,9116163110,Meenakshi Meena,,14/12/1992,33,Female,,,,,,,
S03,,,7727879885,Yash Sharma,,09/01/2022,4,Male,,,,,,,
S04,,,6350118764,Vishal Pawar,,09/01/1999,27,Male,,,,,,,
S05,,,7221953532,Vinay Pareta,,09/01/1995,31,Male,,,,,,,
S06,,,8802942648,Vikas Singh,,09/01/2004,22,Male,,,,,,,
S07,,,8328698995,Vedanshu Tiwari,,09/01/2022,4,Male,,,,,,,
S08,,,7728080777,Vasil Khan,,09/01/1997,29,Male,,,,,,,
S09,,,9351391626,Vani Gupta,,16/10/1980,45,Female,,,,,,,
S10,,,9588947131,Vaishnavi Patil,,09/01/1999,27,Female,,,,,,,
S11,,,9833428834,Uzma Ansari,,09/01/1996,30,Female,,,,,,,
S12,,,9828114404,Dr Urmila Sharma,,22/05/1979,47,Female,,,,,,,
S13,,,7976403454,Twinkle Madan,,09/01/2022,4,Female,,,,,,,
S14,,,9325719839,Trishala Jangid,,08/08/1989,37,Female,,,,,,,
S15,,,9625530058,Tushar Jain,,25/11/1993,32,Male,,,,,,,
S16,,,9982606258,Teena Goswami,,22/11/1992,33,Female,,,,,,,
S17,,,7828959006,Tanvi Verma,,04/10/2004,21,Female,,,,,,,
S18,,,7722020155,Tanuja Pednenkar,,15/11/1975,50,Female,,,,,,,
S19,,,9610171664,Mohammad Taaib,,09/01/2022,4,Male,,,,,,,
S20,,,9610446006,Sweety Sharma,,09/01/1992,34,Female,,,,,,,
S21,,,9799781777,Swati Sharma,,01/01/1986,40,Female,,,,,,,
S22,,,7877765280,Swapnil Jha,,19/02/1988,38,Male,,,,,,,
S23,,,6378802173,Suwarna Sant,,09/01/1997,29,Female,,,,,,,
S24,,,7976698524,Suryanshi Parmar,,22/10/1999,26,Female,,,,,,,
S25,,,9649698737,Suresh Parihar,,20/12/1999,26,Male,,,,,,,
S26,,,9829523016,Sunil Kumar,,26/12/1996,29,Male,,,,,,,
S27,,,7742289063,Sunil Gameti,,09/01/2003,23,Male,,,,,,,
S28,,,7764063752,Sumit Bharti,,11/08/2002,24,Male,,,,,,,
S29,,,7737380017,Stuti Jain,,09/01/1997,29,Female,,,,,,,
S30,,,9783382233,Srishti Joshi,,08/09/1996,29,Female,,,,,,,
S31,,,8949450018,Saumya Singh,,20/04/2001,25,Female,,,,,,,
S32,,,7597276629,Sonika Sirotha,,22/02/1994,32,Female,,,,,,,
S33,,,9687767086,Smruti Ranjan Jena,,09/01/2007,19,Male,,,,,,,
S34,,,7891132455,Shweta Sharma,,09/01/1990,36,Female,,,,,,,
S35,,,9987080095,Shubhangi Jain,,09/01/1995,31,Female,,,,,,,
S36,,,8905727512,Shubham,,09/01/2000,26,Male,,,,,,,
S37,,,9413244518,Shivani Piplani,,09/01/2022,4,Female,,,,,,,
S38,,,8273334076,Shivam,,06/01/2002,24,Male,,,,,,,
S39,,,9660223552,Shivali Singh,,09/01/1994,32,Female,,,,,,,
S40,,,9650693877,Shilpa Bharti,,21/03/1992,34,Female,,,,,,,
S41,,,9660861786,Shewaz BITTU Pathan,,09/01/1997,29,Male,,,,,,,
S42,,,7760963756,Sheetal Sharma,,09/01/1979,47,Female,,,,,,,
S43,,,6387200973,Sidharth Jain,,09/01/2022,4,Male,,,,,,,
S44,,,7023027812,Shoab Mohammad,,09/01/2003,23,Male,,,,,,,
S45,,,9009595376,Shubhangi Garg,,04/04/1992,34,Female,,,,,,,
S46,,,7878336051,Shalu,,09/01/2022,4,Female,,,,,,,
S47,,,7820073233,Shalini Sharma,,09/01/2022,4,Female,,,,,,,
S48,,,9680292528,Shailja Singh,,09/01/1979,47,Female,,,,,,,
S49,,,8107539410,Sashya Bathla,,09/01/1999,27,Female,,,,,,,
S50,,,9461092047,Rajeshwari,,10/01/1996,30,Female,,,,,,,
S51,,,9351054547,Sanjeev Bokan,,01/10/1991,34,Male,,,,,,,
S52,,,7353099382,Shailee Mathur,,06/12/1990,35,Female,,,,,,,
S53,,,6350352599,Shahina Kagzi,,10/01/2022,4,Female,,,,,,,
S54,,,8209523940,Shabana Ansari,,10/01/1992,34,Female,,,,,,,
S55,,,8235807718,Intekhab,,10/01/2005,21,Male,,,,,,,
S56,,,8209824709,Saumya Srigaur,,10/01/2022,4,Female,,,,,,,
S57,,,9549990804,Shailendra Nagar,,26/07/1994,32,Male,,,,,,,
S58,,,7061676299,Sanjeev Jha,,10/01/2004,22,Male,,,,,,,
S59,,,9934343038,Samtola Deui,,10/01/2022,4,Female,,,,,,,
S60,,,9829543669,Samayara Ansari,,10/01/2004,22,Female,,,,,,,
S61,,,8769827070,Sakshi Sharma,,12/07/1991,35,Female,,,,,,,
S62,,,8319399279,Sahil Singhal,,09/05/1996,30,Male,,,,,,,
S63,,,8949737343,Saddam Hussain,,10/01/2022,4,Male,,,,,,,
S64,,,7023701250,Ruparam,,10/01/2004,22,Male,,,,,,,
S65,,,7723849403,Ruchika Mittal,,29/03/1994,32,Female,,,,,,,
S66,,,7870825983,Rocky Kumari,,10/01/1986,40,Female,,,,,,,
S67,,,9829005375,Riyaz Mohammad,,10/01/2022,4,Male,,,,,,,
S68,,,9829215351,Ritu Batla,,10/01/2022,4,Female,,,,,,,
S69,,,8005854039,Ritika Chittora,,25/06/2000,26,Female,,,,,,,
S70,,,9414972233,Rita Joshi,,10/01/1972,54,Female,,,,,,,
S71,,,9636759821,Rishab Mehta,,15/06/1995,31,Male,,,,,,,
S72,,,7463888921,Remmi Arija,,10/01/1992,34,Female,,,,,,,
S73,,,7742504617,Redan,,10/01/2014,12,Male,,,,,,,
S74,,,7219227164,Ranjeet Kumbhar,,10/01/2022,4,Male,,,,,,,
S75,,,9660706790,Ranjana Care Of Aditi Sharma,,10/01/1982,44,Female,,,,,,,
S76,,,9461075513,Ranjana Chaudhari,,15/03/1974,52,Female,,,,,,,
S77,,,9166247627,Rakhi Mehra,,07/08/1982,44,Female,,,,,,,
S78,,,8340733015,Rajesh Kumar,,10/01/1972,54,Male,,,,,,,
S79,,,8302148032,Rahul Rathod,,10/01/1999,27,Male,,,,,,,
S80,,,9588819176,Rukhsar Bano,,24/12/1997,28,Female,,,,,,,
S81,,,9887809838,Radha Gupta,,10/01/1987,39,Female,,,,,,,
S82,,,8920763749,Rachana Joshi,,21/02/1995,31,Female,,,,,,,
S83,,,6350507132,Princess Sanskriti,,10/01/2004,22,Female,,,,,,,
S84,,,8504003684,Piyush Joshi,,10/01/1992,34,Male,,,,,,,
S85,,,9661078326,Prince Kumar,,10/01/2004,22,Male,,,,,,,
S86,,,8210469788,Pratima Gupta,,10/01/1981,45,Female,,,,,,,
S87,,,9660886868,Prateek Pareta,,28/08/1996,29,Male,,,,,,,
S88,,,7822984235,Priyanka Gandhi,,29/03/1989,37,Female,,,,,,,
S89,,,8303373861,Priya Yadav,,15/06/1999,27,Female,,,,,,,
S90,,,8005717770,Priyanka Sharma,,10/01/1992,34,Female,,,,,,,
S91,,,9079119122,Priyanka Kaushik,,01/07/1995,31,Female,,,,,,,
S92,,,9039302158,Priya Sharma,,05/06/1992,34,Female,,,,,,,
S93,,,8739855984,Prerna Sagar,,07/02/1997,29,Female,,,,,,,
S94,,,8949377630,Pranjal Gaur,,20/11/2000,25,Female,,,,,,,
S95,,,7568460961,Pranjal Sharma,,14/03/1995,31,Female,,,,,,,
S96,,,8005733944,Pooja Jain,,10/01/1988,38,Female,,,,,,,
S97,,,8118861992,Pathik Arora,,10/01/1994,32,Male,,,,,,,
S98,,,7275742150,Palak Singh,,21/06/2003,23,Female,,,,,,,
S99,,,9176675290,Paridhi Bangor,,10/01/2022,4,Female,,,,,,,
S100,,,8696190596,Nita Piplani,,10/01/2022,4,Female,,,,,,,
S101,,,7728855585,Nidhi Noni Madaan,,10/01/2022,4,Female,,,,,,,
S102,,,7340182667,Nisha Batra,,10/01/2022,4,Female,,,,,,,
S103,,,6376598760,Noor Fatima,,03/09/1999,26,Female,,,,,,,
S104,,,7079200754,Nilofer Ansari,,17/03/1985,41,Female,,,,,,,
S105,,,9610839715,Nirmala Meena,,19/09/1982,43,Female,,,,,,,
S106,,,9460940819,Neeru Care Of Pramod Ji Nagar,,10/01/1987,39,Female,,,,,,,
S107,,,7665229534,Nikhat Ansari,,10/01/1997,29,Female,,,,,,,
S108,,,6205931764,Niketa Bharti,,26/08/2003,22,Female,,,,,,,
S109,,,7242532605,Niharika Patriya,,18/03/1999,27,Female,,,,,,,
S110,,,6280971455,Navdeep Kaur,,10/01/2003,23,Female,,,,,,,
S111,,,7665948123,Nargis Ali,,10/01/1998,28,Female,,,,,,,
S112,,,8949469516,Monu,,10/01/2022,4,Male,,,,,,,
S113,,,9982128428,Monu Chauhan,,25/05/1995,31,Male,,,,,,,
S114,,,9521333001,Meenakshi Jain,,10/01/1999,27,Female,,,,,,,
S115,,,8824256301,Manjeet Kaur,,29/09/1995,30,Female,,,,,,,
S116,,,9261494949,Mamta Paliwal,,25/12/1984,41,Female,,,,,,,
S117,,,8811961019,Mitali Devnath,,10/01/1979,47,Female,,,,,,,
S118,,,9004094992,Meetu Sharma,,24/01/1982,44,Female,,,,,,,
S119,,,9784829932,Mahi Tlat,,10/01/2022,4,Female,,,,,,,
S120,,,9799429872,Mahesh Vishnoi,,01/08/2001,25,Male,,,,,,,
S121,,,8905862689,Madan Saran,,04/04/2004,22,Male,,,,,,,
S122,,,7728883444,Lavish Soni,,23/12/1995,30,Male,,,,,,,
S123,,,7891354562,Latika Ojha,,25/06/1992,34,Female,,,,,,,
S124,,,9783783797,Lavanya Sahu,,10/01/2022,4,Male,,,,,,,
S125,,,9829286951,Dr Lata Rylwrai,,10/01/1976,50,Female,,,,,,,
S126,,,9057752246,Kritika Garg,,10/01/2004,22,Female,,,,,,,
S127,,,8107220183,Kaushlya Meena,,11/01/1983,43,Female,,,,,,,
S128,,,8952803800,Kirti Yadav,,11/01/1993,33,Female,,,,,,,
S129,,,8306324172,Kiran Vishwas,,14/06/1998,28,Female,,,,,,,
S130,,,8209335037,Kiran Verma,,11/01/2022,4,Female,,,,,,,
S131,,,7597854478,Khushboo Vyas,,30/05/1995,31,Female,,,,,,,
S132,,,7737380017,Stuti Khushboo Jain,,11/01/2022,4,Female,,,,,,,
S133,,,8233420533,Khushi Chawla,,20/06/1996,30,Female,,,,,,,
S134,,,9352125144,Kavita Lodha,,11/01/1995,31,Female,,,,,,,
S135,,,9588968798,Kanupriya Meena,,21/09/1999,26,Female,,,,,,,
S136,,,9587384599,Kanisha Piplani,,11/01/1997,29,Female,,,,,,,
S137,,,9829270016,Kapil Mewara,,10/01/1990,36,Male,,,,,,,
S138,,,7014924207,Kapil Galav,,11/01/2003,23,Male,,,,,,,
S139,,,9770820816,Kanchan Chauhan,,11/01/2000,26,Female,,,,,,,
S140,,,8890761012,Kailash,,18/07/2001,25,Male,,,,,,,
S141,,,8238000119,Jyoti Naruka,,11/01/1982,44,Female,,,,,,,
S142,,,9309314444,Jyoti Mittal,,22/05/1980,46,Female,,,,,,,
S143,,,9024818229,Jyoti Chavhan,,11/01/2022,4,Female,,,,,,,
S144,,,9929699656,Jayant Jain,,11/01/1995,31,Male,,,,,,,
S145,,,9876545924,Jagmeet Singh,,24/11/1996,29,Male,,,,,,,
S146,,,9829037900,Jagdish Batla,,05/05/1964,62,Male,,,,,,,
S147,,,7976557395,Ishrat Naaz,,11/01/1986,40,Female,,,,,,,
S148,,,9799660044,Isha Pandey,,11/01/2022,4,Female,,,,,,,
S149,,,9973211995,MD Intekhab,,11/01/2001,25,Male,,,,,,,
S150,,,7637952542,Hrishikesh Bhagirath,,11/01/2004,22,Male,,,,,,,
S151,,,9649125888,Hema Faujdar,,11/01/2008,18,Female,,,,,,,
S152,,,8090649694,Govind Rao,,11/01/2002,24,Male,,,,,,,
S153,,,9414569249,Govind Gupta,,11/01/1985,41,Male,,,,,,,
S154,,,9776247370,Srinamdev Pradhan,,11/01/2022,4,Male,,,,,,,
S155,,,7014693987,Dr Garima Gupta Bathla,,11/01/2022,4,Female,,,,,,,
S156,,,9571389320,Gagandeep Kaur,,11/01/1994,32,Female,,,,,,,
S157,,,9610144770,Divya Tulsni,,11/01/1995,31,Female,,,,,,,
S158,,,9911076203,Divya Chaudhary,,30/01/1989,37,Female,,,,,,,
S159,,,9896667260,Deepika Lathwal,,11/01/1986,40,Female,,,,,,,
S160,,,9602761759,Diksha Nagar,,11/01/1997,29,Female,,,,,,,
S161,,,8442057829,Dhruv Khandelwal,,11/01/2022,4,Male,,,,,,,
S162,,,9099336983,Devashree Yagnik,,11/01/2022,4,Female,,,,,,,
S163,,,9983477617,Deepmala Koli,,11/01/1988,38,Female,,,,,,,
S164,,,8860562724,Deepankar Care Of Bhavna Saxena,,11/01/1996,30,Male,,,,,,,
S165,,,9680295530,Deepika Grover,,07/09/1992,33,Female,,,,,,,
S166,,,8619783165,Deepika Charan,,11/01/2022,4,Female,,,,,,,
S167,,,8848195051,Chelsia Dinesh,,11/01/1995,31,Female,,,,,,,
S168,,,8764128090,Bhavna Solanki,,11/01/2022,4,Female,,,,,,,
S169,,,9082731997,Bhavna Saxena,,17/08/1986,40,Female,,,,,,,
S170,,,8765800237,Bhartendu Gupta,,11/01/2022,4,Male,,,,,,,
S171,,,9887730684,Bharat Nagar,,11/01/1997,29,Male,,,,,,,
S172,,,9376841203,Bharti Verma,,11/01/2022,4,Female,,,,,,,
S173,,,9799628185,Bharat Chaudhary,,20/10/2004,21,Male,,,,,,,
S174,,,9983589406,Beena Mahaver,,11/01/1995,31,Female,,,,,,,
S175,,,8058129826,Balbar Singh,,01/12/1996,29,Male,,,,,,,
S176,,,9772554888,Mandeep Kaur,,11/01/1969,57,Female,,,,,,,
S177,,,9694010281,Ayush Parik,,11/01/1997,29,Male,,,,,,,
S178,,,9988575572,Ayan Dhandha,,08/04/2003,23,Male,,,,,,,
S179,,,8949070520,Ashima Hora,,21/06/1991,35,Female,,,,,,,
S180,,,8505035997,Arun Yadav,,11/01/2002,24,Male,,,,,,,
S181,,,7877777768,Ashok Sharma,,11/01/1993,33,Male,,,,,,,
S182,,,7014293762,Aarti Mittal,,11/01/2022,4,Female,,,,,,,
S183,,,9462100795,Arpit Grover,,21/07/1991,35,Male,,,,,,,
S184,,,9709697385,Archana Sharma,,11/01/2022,4,Female,,,,,,,
S185,,,7340662156,Archit Rajwanshi,,15/09/2002,23,Male,,,,,,,
S186,,,8619513608,Anuj Sharma,,15/12/1996,29,Male,,,,,,,
S187,,,9414197678,Amarpreet Sabarwal,,21/09/1972,53,Male,,,,,,,
S188,,,7838072036,Alok Priya,,11/01/2022,4,Male,,,,,,,
S189,,,9636269895,Aishwary Chauhan,,16/12/2004,21,Male,,,,,,,
S190,,,8619530893,Aditi Sharma,,11/01/2022,4,Female,,,,,,,
S191,,,8237732477,Abhilasha Soni,,11/01/2022,4,Female,,,,,,,
S192,,,9571523376,Abhay Awasthi,,11/01/2022,4,Male,,,,,,,
S193,,,7340378240,Aarya Singh,,07/08/2004,22,Female,,,,,,,
S194,,,7753096710,Aman Jain,,11/01/2022,4,Male,,,,,,,
S195,,,7505166388,Anshul Yadav,,04/02/2004,22,Male,,,,,,,
S196,,,6376836471,Aditya Psatap Singh,,01/02/2004,22,Male,,,,,,,
S197,,,8887732281,Karan Yadaw,,28/02/2001,25,Male,,,,,,,
S198,,,9680621888,Dharmaraj Solanki,,25/07/1995,31,Male,,,,,,,
S199,,,8955961773,Deepak Singh,,29/04/1995,31,Male,,,,,,,
S200,,,8949852163,Divya Yadav,,09/10/1999,26,Female,,,,,,,
S201,,,7976953268,Diksha Ahuja,,06/10/1998,27,Female,,,,,,,
S202,,,9797183174,Irshad Nakshbandi,,01/03/1976,50,Male,,,,,,,
S203,,,,Khushboo Jain Care Of Stuti Jain,,13/01/2022,4,Female,,,,,,,
S204,,,9058445524,Lalit Singh,,04/06/2000,26,Male,,,,,,,
S205,,,9680295530,Deepika Grover Care Of Arpit Grover,,07/09/1992,33,Female,,,,,,,
S206,,,6378606536,Divyansh Jain,,28/04/2003,23,Male,,,,,,,
S207,,,7667636120,Farhad,,15/01/2001,25,Male,,,,,,,
S208,,,7620379842,Vedant Cahvan,,25/12/2003,22,Male,,,,,,,
S209,,,7357785093,Yogita Khatri,,04/06/2004,22,Female,,,,,,,
S210,,,,Zoya Khan,,20/10/2008,17,Female,,,,,,,
S211,,,9057223750,Gurvinder Kaur,,12/06/1991,35,Female,,,,,,,
S212,,,9426901777,Gulshan Gocher,,20/10/1988,37,Male,,,,,,,
S213,,,7014310784,Harjinder Kaur,,24/12/1973,52,Female,,,,,,,
S214,,,9632458561,Imroz Raza,,27/01/2001,25,Male,,,,,,,
S215,,,9001618187,Manpreet Singh,,09/06/1991,35,Male,,,,,,,
S216,,,7728883444,Mradula Soni,,27/09/1970,55,Female,,,,,,,
S217,,,8092244690,Monu Kumar,,13/01/2004,22,Male,,,,,,,
S218,,,8302695200,Mushraf Hussain,,23/08/1999,27,Male,,,,,,,
S219,,,7976669387,Manish Kumar,,07/08/1996,30,Male,,,,,,,
S220,,,8802824203,Nagma Khan,,08/12/1992,33,Female,,,,,,,
S221,,,,Parveen,,13/01/1986,40,Female,,,,,,,
S222,,,8005794921,Pooja Sharma,,13/06/1997,29,Female,,,,,,,
S223,,,,Pranav Baldua,,13/01/2022,4,Male,,,,,,,
S224,,,9950623296,Pooja Meena,,05/07/1995,31,Female,,,,,,,
S225,,,9867673315,Polu Medha,,05/10/1991,34,Female,,,,,,,
S226,,,,Purva Mittal,,13/01/2022,4,Female,,,,,,,
S227,,,9079100237,Rabina Kumari,,16/12/1998,27,Female,,,,,,,
S228,,,8503921783,Rahil Khan,,21/02/1997,29,Male,,,,,,,
S229,,,,Radhaji,,13/01/2022,4,Female,,,,,,,
S230,,,,Radhe Shyam,,13/01/2022,4,Female,,,,,,,
S231,,,,Renu Sagar,,13/01/1971,55,Female,,,,,,,
S232,,,9351391626,Retesh Gupta,,13/01/1978,48,Male,,,,,,,
S233,,,9461861862,Richa Sharma,,27/08/1992,33,Female,,,,,,,
S234,,,6378166805,Roti Joshi,,11/10/1978,47,Female,,,,,,,
S235,,,,Richa Mittal,,13/01/1987,39,Female,,,,,,,
S236,,,,Ritu Bhoj,,13/01/1978,48,Female,,,,,,,
S237,,,9798914177,Saket Kumar Singh,,19/06/2007,19,Male,,,,,,,
S238,,,8235807718,Saurav Kumar,,07/05/2004,22,Male,,,,,,,
S239,,,6375140776,Shalu Soni,,16/03/1996,30,Female,,,,,,,
S240,,,,Shahjadi Bano,,15/01/1985,41,Female,,,,,,,
S241,,,8764315397,Shivani Agrawal,,12/08/1997,29,Female,,,,,,,
S242,,,,Shubham Shaktidevkar,,15/01/2004,22,Male,,,,,,,
S243,,,9780753085,Swati Kulshreshtha,,05/01/1995,31,Female,,,,,,,
S244,,,7568722791,Tarun Kumar,,12/04/1990,36,Male,,,,,,,
S245,,,,Tanisha Bhoj,,15/01/2009,17,Female,,,,,,,
S246,,,8601394552,Vipul Raj,,15/01/2004,22,Male,,,,,,,
S247,,,9119131561,Vasudev Joshi,,26/09/2003,22,Male,,,,,,,
S248,,,6299962868,Vishal Kumar,,18/09/2003,22,Male,,,,,,,
S249,,,8650325043,Vikas Yadav,,15/03/2000,26,Male,,,,,,,
S250,,,9703293609,Vinita Sharma,,05/05/1992,34,Female,,,,,,,
S251,,,,Sunita Suman,,15/01/2022,4,Female,,,,,,,
S252,,,7976178860,Suyash Kulshreshtha,,26/03/1999,27,Male,,,,,,,
S253,,,,Uzra Khanam,,15/01/2002,24,Female,,,,,,,
S254,,,6377411519,Aabida,,13/03/1994,32,Female,,,,,,,
S255,,,9602487378,Aanchal Arora,,15/01/2002,24,Female,,,,,,,
S256,,,9660854324,Arpita Jain,,26/08/1994,31,Female,,,,,,,
S257,,,9977599751,Akansha Jain,,02/02/1993,33,Female,,,,,,,
S258,,,7073680520,Anil Meghwal,,15/08/1994,32,Male,,,,,,,
S259,,,8299379403,Abha,,12/05/1977,49,Female,,,,,,,
S260,,,,Anita Sharma,,15/01/1981,45,Female,,,,,,,
S261,,,7297832660,Hemant Vanjara,,15/01/2000,26,Male,,,,,,,
S262,,,,Ankit,,15/01/1996,30,Male,,,,,,,
S263,,,,Ashutosh Kumar Gautam,,03/12/2000,25,Male,,,,,,,
S264,,,,Banwari Lal,,15/01/1998,28,Male,,,,,,,
S265,,,,Chahal Pahwa,,15/01/1995,31,Female,,,,,,,
S266,,,,Chandrika Jain,,15/01/1993,33,Female,,,,,,,
S267,,,,Samar Firdaus,,19/12/2002,23,Female,,,,,,,
S268,,,9610323208,Antima Nagar,,01/11/2000,25,Female,,,,,,,
S269,,,9587975283,Anamika Shukla,,26/01/1998,28,Female,,,,,,,
S270,,,7888531983,Neetu Kajla,,23/07/1979,47,Female,,,,,,,
S271,,,8875464743,Sneh Vijay,,20/06/2000,26,Female,,,,,,,
S272,,,8949931779,Rashmi Mewara,,28/04/1992,34,Female,,,,,,,
S273,,,9887190539,Vikas Mewara,,07/01/1987,39,Male,,,,,,,
S274,,,,Morvi Khandelwal,,31/01/2000,26,Female,,,,,,,
S275,,,8826879429,Mahak Sharma,,30/07/1995,31,Female,,,,,,,
S276,,,9829152533,Alka Sharma,,17/07/1963,63,Female,,,,,,,
S277,,,7627080629,Divyanshi Jain,,01/11/2002,23,Female,,,,,,,
S278,,,8084318926,Md Tausif,,10/08/2003,23,Male,,,,,,,
S279,,,,Archana Sharma,,07/02/2022,4,Female,,,,,,,
S280,,,7976452058,Bharti Meena,,24/03/1993,33,Female,,,,,,,
S281,,,8875028460,Hemakshi Trivedi,,09/09/1969,56,Female,,,,,,,
S282,,,8079075827,Pranjali Trivedi,,27/09/2001,24,Female,,,,,,,
S283,,,9782768455,Divyesh Diggiwal,,01/09/1996,29,Male,,,,,,,
S284,,,8003531695,Akshat Sharma,,28/07/2004,22,Male,,,,,,,
S285,,,7665534302,Pavitra Sharma,,08/03/2004,22,Male,,,,,,,
S286,,,,Rahul Mathur,,25/06/1994,32,Male,,,,,,,
S287,,,9461409391,Dr Smriti Mathur,,17/08/1992,34,Female,,,,,,,
S288,,,7657870608,Tanisha Kajla,,06/08/2003,23,Female,,,,,,,
S289,,,,Gaurav Vijay,,25/06/1986,40,Male,,,,,,,
S290,,,,Deepti Sharma,,20/08/1985,41,Female,,,,,,,
S291,,,,Kanisha Dangi,,22/01/2005,21,Female,,,,,,,
S292,,,,Shweta Sahni,,09/09/1980,45,Female,,,,,,,
S293,,,,Yogita Sharma,,01/08/1980,46,Female,,,,,,,
S294,,,9829277712,Rita Kharbanda,,19/02/2022,4,Female,,,,,,,
S295,,,8005837614,Manoj Jain,,07/06/1982,44,Male,,,,,,,
S296,,,9983933305,Luv Thakur,,01/01/1989,37,Male,,,,,,,
S297,,,9816321534,Soniya Soni,,12/09/1984,41,Female,,,,,,,
S298,,,9816112868,Lokesh Soni,,24/02/1982,44,Male,,,,,,,
S299,,,7878724511,Ankita Nagar,,15/05/1995,31,Female,,,,,,,
S300,,,8239877779,Neha Chaturvedi,,18/07/1986,40,Female,,,,,,,
S301,,,7786940726,Ekhlaqur Rahman,,20/09/2000,25,Male,,,,,,,
S302,,,8084952400,Parvez Alam,,28/02/2002,24,Male,,,,,,,
S303,,,7011858355,Nidhi,,27/02/2022,4,Female,,,,,,,
S304,,,9460195430,Meet Kaur,,02/02/1984,42,Female,,,,,,,
S305,,,9950024312,Sangeeta Rungta,,20/02/1973,53,Female,,,,,,,
S306,,,6375188509,Ekta Jain,,23/07/1994,32,Female,,,,,,,
S307,,,9587908190,Dheeraj Patel,,10/08/2002,24,Male,,,,,,,
S308,,,7976965845,Shubham Rathore,,01/07/1995,31,Male,,,,,,,
S309,,,8003897688,Alisha Gautam,,19/05/1996,30,Female,,,,,,,
S310,,,8890915766,Gauri Singhal,,07/04/2000,26,Female,,,,,,,
S311,,,9973262710,Md Ashzad,,01/09/2004,21,Male,,,,,,,
S312,,,7021124672,Rahul Soni,,12/01/1993,33,Male,,,,,,,
S313,,,7526835199,Shubham Sagar,,28/10/1993,32,Male,,,,,,,
S314,,,,Afzal Ansari,,24/04/1987,39,Male,,,,,,,
S315,,,7869482585,Surbhi Gupta,,25/06/1994,32,Female,,,,,,,
S316,,,9771882828,Rohan Yadav,,20/08/2004,22,Male,,,,,,,
S317,,,8860708456,Asmita Singh,,30/01/1977,49,Female,,,,,,,
S318,,,9351978991,Manisha Meena,,28/09/1998,27,Female,,,,,,,
S319,,,,Shreyam,,16/03/2022,4,Male,,,,,,,
S320,,,7014104626,Reena Sarswat,,04/06/1981,45,Female,,,,,,,
S321,,,9680222684,Priyanka Sharma,,21/07/1994,32,Female,,,,,,,
S322,,,8826449563,Satya Prajapati,,05/07/2005,21,Female,,,,,,,
S323,,,9783390324,Satya Narayan,,01/01/1991,35,Male,,,,,,,
S324,,,9073285712,Meera Singh,,10/08/1981,45,Female,,,,,,,
S325,,,9828593690,Sajida Bano,,30/01/1982,44,Female,,,,,,,
S326,,,7791098945,Preeti Upadhyay,,13/12/1990,35,Female,,,,,,,
S327,,,8980600767,Gaurav Jaiswal,,15/07/1992,34,Male,,,,,,,
S328,,,8696364337,Shashank Purohit,,30/08/1996,29,Male,,,,,,,
S329,,,9166142332,Manrsha,,19/03/2004,22,Female,,,,,,,
S330,,,9079224454,Naresh,,22/03/2022,4,Male,,,,,,,
S331,,,7976332252,Shahna,,18/07/1981,45,Female,,,,,,,
S332,,,8949997607,Rashida,,05/03/1957,69,Female,,,,,,,
S333,,,9166536652,Archita Jain,,08/03/2001,25,Female,,,,,,,
S334,,,9166118250,Kiran Sharma,,12/03/1987,39,Female,,,,,,,
S335,,,8233483428,Rakhi Bihari,,15/07/1989,37,Female,,,,,,,
S336,,,6304948909,Jitendra Kumar,,06/04/2003,23,Male,,,,,,,
S337,,,8284094373,Bhavika Mantri,,28/02/1996,30,Female,,,,,,,
S338,,,8905823445,Tavishi,,10/02/2004,22,Female,,,,,,,
S339,,,8810415935,Rashmi Kamal,,15/08/1979,47,Female,,,,,,,
S340,,,9460971255,Meenakshi,,10/06/1984,42,Female,,,,,,,
S341,,,9414226983,Pankaj Sharma,,26/06/1975,51,Male,,,,,,,
S342,,,9677664630,Pavitra Dr Devi,,04/03/1997,29,Female,,,,,,,
S343,,,7722020151,Satish Pednekar,,04/08/1969,57,Male,,,,,,,
S344,,,8003456233,Rashmi Kumar,,01/03/1998,28,Female,,,,,,,
S345,,,9166697636,Ankur Patidar,,05/04/2022,4,Female,,,,,,,
S346,,,9462971227,Varsha Sagar,,24/12/1989,36,Female,,,,,,,
S347,,,9166290478,Preeti Meena,,29/06/2005,21,Female,,,,,,,
S348,,,7367861763,Riya Chaudhary,,19/08/2002,24,Female,,,,,,,
S349,,,9829639278,Sonal Gupta,,07/11/2001,24,Female,,,,,,,
S350,,,7317754147,Navdeep Multani,,08/05/2005,21,Female,,,,,,,
S351,,,6377389873,Niharika Sinha,,02/11/1985,40,Female,,,,,,,
S352,,,9929469100,Anita Meena,,07/04/2022,4,Female,,,,,,,
S353,,,9829324212,Saket Roongta,,27/10/1995,30,Male,,,,,,,
S354,,,8319313669,Preeti Sharma,,12/12/1989,36,Female,,,,,,,
S355,,,7317754147,Verinder Kour,,21/04/1979,47,Female,,,,,,,
S356,,,8504046908,Deepika Meena,,28/10/1993,32,Female,,,,,,,
S357,,,9569572992,Rajveer Singh,,11/08/2005,21,Male,,,,,,,
S358,,,9993455309,Yash Maheshwari,,30/06/1996,30,Male,,,,,,,
S359,,,7426957367,Prakash Chaudhary,,10/01/2000,26,Male,,,,,,,
S360,,,7388094241,Garima Rajput,,04/05/2006,20,Female,,,,,,,
S361,,,9829337818,Kamlesh Gautam,,13/04/1969,57,Female,,,,,,,
S362,,,9829337818,Lakshita Gautam,,14/04/2022,4,Female,,,,,,,
S363,,,9370335677,Afifa Zarin,,13/10/2002,23,Female,,,,,,,
S364,,,9660025494,Bhumika Ojha,,28/11/1993,32,Female,,,,,,,
S365,,,8233926277,Ritu Rani,,15/04/2022,4,Female,,,,,,,
S366,,,9468629795,Tapish Jain,,21/08/1996,30,Male,,,,,,,
S367,,,7340225502,Sonali Jain,,25/10/1994,31,Female,,,,,,,
S368,,,8285450491,Gargi Gupta,,13/05/1995,31,Female,,,,,,,
S369,,,8002829241,Rumaan Rafique,,18/04/2022,4,Male,,,,,,,
S370,,,9057572581,Yanu Chauhan,,05/05/2000,26,Female,,,,,,,
S371,,,8469544455,Jitendra Sharma,,18/04/1990,36,Male,,,,,,,
S372,,,8209389022,Deeksha Bagora,,10/07/1993,33,Female,,,,,,,
S373,,,9695435415,Agrima Shivhare,,03/08/1995,31,Female,,,,,,,
S374,,,8764322401,Prerna Tiwari,,25/04/2022,4,Female,,,,,,,
S375,,,8619186823,Suman Bhatia,,06/09/1989,36,Female,,,,,,,
S376,,,7014686195,Jatin Agrawal,,20/05/2003,23,Male,,,,,,,
S377,,,6000493768,Adnan Fayaz,,20/10/2004,21,Male,,,,,,,
S378,,,9462103811,Prerna Tiwari,,31/03/1999,27,Female,,,,,,,
S379,,,8769549984,Vijaykant Tyagi,,19/09/1999,26,Male,,,,,,,
S380,,,9660025493,Hritika Ojha,,28/10/1997,28,Female,,,,,,,
S381,,,9131713799,Sharda Shivhare,,29/04/2022,4,Female,,,,,,,
S382,,,9929576165,Vanshika Hada,,31/08/2002,23,Female,,,,,,,
S383,,,7976512002,Harshit Nagar,,29/11/1999,26,Male,,,,,,,
S384,,,9785575657,Mohammad Zaid,,02/03/2000,26,Male,,,,,,,
S385,,,7644915585,Mayank Tiwari,,23/04/1993,33,Male,,,,,,,
S386,,,9529936410,Sunil Sharma,,24/06/1970,56,Male,,,,,,,
S387,,,9636365006,Sakina Yusuf,,25/09/2000,25,Female,,,,,,,
S388,,,7197667347,Firoz Mondal,,11/11/1999,26,Male,,,,,,,
S389,,,6005569832,Faisal Hassan,,10/05/2004,22,Male,,,,,,,
S390,,,7014079862,Shilpa Agrawal,,09/04/1979,47,Female,,,,,,,
S391,,,9166006290,Amanna Bano,,11/05/2022,4,Female,,,,,,,
S392,,,9717257941,Dr Anmol Mahani,,28/11/1994,31,Female,,,,,,,
S393,,,9717257941,Ritu Mahani,,28/06/1971,55,Female,,,,,,,
S394,,,7014773604,Parveen Aziz,,19/05/2022,4,Female,,,,,,,
S395,,,8769662597,Tulika,,23/12/1992,33,Female,,,,,,,
S396,,,9334460876,Hiteshwar Majhi,,13/04/2004,22,Male,,,,,,,
S397,,,7734820125,Rishab Dangi,,08/11/2000,25,Male,,,,,,,
S398,,,9982330550,Priya Ashawat,,04/11/1997,28,Female,,,,,,,
S399,,,9214598701,Rupali Jain,,06/05/1978,48,Female,,,,,,,
S400,,,7221095993,Urmi Daswani,,05/05/2000,26,Female,,,,,,,
S401,,,9571216310,Hamza Yusuf Ali,,20/08/1999,27,Male,,,,,,,
S402,,,6378211322,Neha Bagadia,,20/08/2002,24,Female,,,,,,,
S403,,,6203782675,Nisha Bhati,,05/02/2004,22,Female,,,,,,,
S404,,,9305522067,Prerna Yadav,,02/01/2004,22,Female,,,,,,,
S405,,,9783669594,Rocky,,03/10/1981,44,Male,,,,,,,
S406,,,7014887245,Krishna Khandelwal,,08/06/2022,4,Female,,,,,,,
S407,,,7742498332,Tanu Gupta,,08/06/2000,26,Female,,,,,,,
S408,,,6367277050,Abhijeet Sogarwal,,05/07/2003,23,Male,,,,,,,
S409,,,8000488494,Riya Navlani,,13/06/2000,26,Female,,,,,,,
S410,,,9799546998,Hasan Janj,,20/05/2002,24,Male,,,,,,,
S411,,,8619983003,Mayank Vatsa,,22/05/1999,27,Male,,,,,,,
S412,,,9079842587,Soniya Gone,,10/12/1980,45,Female,,,,,,,
S413,,,8209544810,Sana Gandhi,,23/07/1993,33,Female,,,,,,,
S414,,,9608629713,Mihika Lakra,,10/09/2002,23,Female,,,,,,,
S415,,,9555695093,Ravi Yadav,,05/07/2002,24,Male,,,,,,,
S416,,,7858055658,Saurabh Kumar,,28/09/2006,19,Male,,,,,,,
S417,,,9468772483,Kanchi Sharma,,21/11/1996,29,Female,,,,,,,
S418,,,9414257325,Pankaj Jain,,24/02/1978,48,Male,,,,,,,
S419,,,9588818088,Harshit Bhojwani,,07/05/1998,28,Male,,,,,,,
S420,,,9461561206,Deepak Bala,,13/11/1974,51,Male,,,,,,,
S421,,,9509681974,Sana Ansari,,14/12/1993,32,Female,,,,,,,
S422,,,6206613676,Khushboo Ranjan,,01/01/2004,22,Female,,,,,,,
S423,,,8890709753,Vinita Rathi,,28/04/1968,58,Female,,,,,,,
S424,,,9339771731,Purba Koshal,,08/12/2002,23,Female,,,,,,,
S425,,,,Anjali Sharma,,19/10/1969,56,Female,,,,,,,
S426,,,9461058429,Meeta Jain,,12/07/1975,51,Female,,,,,,,
S427,,,9508288085,Aditya Varun,,02/03/2005,21,Male,,,,,,,
S428,,,6350583259,Pooja Khandelwal,,03/08/1992,34,Female,,,,,,,
S429,,,7310624306,Nitin Singh,,11/07/2006,20,Male,,,,,,,
S430,,,9002559028,Vasudev Jaipal,,02/03/2003,23,Male,,,,,,,
S431,,,9511595873,Bhawna Kumar,,08/07/2022,4,Female,,,,,,,
S432,,,9772324102,Akshat Gupta,,12/06/2000,26,Male,,,,,,,
S433,,,9588877112,Rekha Giri,,24/10/1983,42,Female,,,,,,,
S434,,,9284085250,Meenal Bhemde,,05/07/1975,51,Female,,,,,,,
S435,,,7014551914,Bhawna Prajapati,,11/12/1987,38,Female,,,,,,,
S436,,,7000412351,Priyanka Mahor,,09/09/1985,40,Female,,,,,,,
S437,,,6202103574,Vivek Kumar,,28/12/2004,21,Male,,,,,,,
S438,,,8562814968,Jitendra Poniya,,10/11/1992,33,Male,,,,,,,
S439,,,8949590655,Harendra Jajda,,15/08/1997,29,Male,,,,,,,
S440,,,9079287196,Akshita Chaudhary,,01/01/2002,24,Female,,,,,,,
S441,,,7739399409,Rajan Kumar,,13/04/2002,24,Male,,,,,,,
S442,,,7014132017,Garvita Chawdua,,01/06/1995,31,Female,,,,,,,
S443,,,9636699075,Arti Daagor,,07/11/2009,16,Female,,,,,,,
S444,,,7073271426,Khushi Sharma,,15/07/1998,28,Female,,,,,,,
S445,,,9414303556,Kavita Chaudhary,,15/03/1972,54,Female,,,,,,,
S446,,,9414278234,Savita Singh,,10/01/1963,63,Female,,,,,,,
S447,,,7722020155,Ishan Pednekar,,27/01/2007,19,Male,,,,,,,
S448,,,9669672132,Ishita Gabel,,05/03/2006,20,Female,,,,,,,
S449,,,9829333302,Simerjeet Singh,,24/09/1990,35,Male,,,,,,,
S450,,,9378766245,Mahima Hada,,03/04/2004,22,Female,,,,,,,
S451,,,9667168167,Rukshar,,21/07/1990,36,Female,,,,,,,
S452,,,6377804729,Shivan Katara,,28/03/2004,22,Male,,,,,,,
S453,,,7742096844,Simran Bhatia,,20/10/1993,32,Female,,,,,,,
S454,,,7014947776,Dr Archana Poswal,,09/02/1994,32,Female,,,,,,,
S455,,,7597308781,Himanshu Gothod,,18/03/1997,29,Male,,,,,,,
S456,,,6377080496,Dhruv Pratap Singh,,02/02/2002,24,Male,,,,,,,
S457,,,8696938737,Rekha Bhatnagar,,01/05/1960,66,Female,,,,,,,
S458,,,8005659168,Garima Medatwal,,08/12/1995,30,Female,,,,,,,
S459,,,7000575950,Raj Kushal Soni,,21/03/2003,23,Male,,,,,,,
S460,,,8357963722,Dr Meenakshi Vajpai,,16/04/1991,35,Female,,,,,,,
S461,,,9425286511,Prarthana Doye,,02/11/1980,45,Female,,,,,,,
S462,,,7742261104,Pallavi,,02/10/1997,28,Female,,,,,,,
S463,,,9922909676,Mitali Kulkarni,,11/04/1975,51,Female,,,,,,,
S464,,,9474059780,Trapti Tambe,,11/02/1977,49,Female,,,,,,,
S465,,,9610099290,Pooja Prajapati,,02/08/1994,32,Female,,,,,,,
S466,,,9829660510,Rajendra Agrawal,,01/10/1976,49,Male,,,,,,,
S467,,,9829660510,Anju Agrawal,,05/03/1978,48,Female,,,,,,,
S468,,,8385086766,Vikram Rahar,,06/07/1998,28,Male,,,,,,,
S469,,,9829146310,Yusuf Ali,,13/08/1974,52,Male,,,,,,,
S470,,,8648077772,Prince Chandav,,28/04/1989,37,Male,,,,,,,
S471,,,6239439746,Ramncet Kaur Chadha,,19/10/1985,40,Female,,,,,,,
S472,,,8302165008,Shivani Kumar,,05/11/1999,26,Female,,,,,,,
S473,,,7891470000,Vrunda Bohra,,17/03/1977,49,Female,,,,,,,
S474,,,7856094838,Saurav Kumar,,20/08/2003,23,Male,,,,,,,
S475,,,9414452579,Samrudhi Vijay,,19/08/2022,4,Female,,,,,,,
S476,,,8949563575,Keshav Rajwal,,03/11/2004,21,Male,,,,,,,
S477,,,9784129113,Neelu Meena,,04/03/1992,34,Female,,,,,,,
S478,,,9784129113,Naresh Meena,,09/06/1986,40,Male,,,,,,,
S479,,,9610106570,Krishna Bhargava,,07/09/2004,21,Female,,,,,,,
S480,,,9780753085,Jyoti Kulshrestha,,28/07/1971,55,Female,,,,,,,
S481,,,7665735634,Zubiya,,13/12/1986,39,Female,,,,,,,
S482,,,9142606079,Md Sufiyan,,01/01/2004,22,Male,,,,,,,
S483,,,8696870621,Savidhi Vijay,,31/08/1995,30,Female,,,,,,,
S484,,,8824593154,Abhijeet Kuehari,,08/06/2008,18,Male,,,,,,,
S485,,,9783669594,Vamya,,01/01/2012,14,Female,,,,,,,
S486,,,9810479272,Rekha Giri,,23/08/2022,4,Female,,,,,,,
S487,,,8409555033,Saloni Kumari,,12/03/2010,16,Female,,,,,,,
S488,,,9667038760,Prem Jain,,02/12/1988,37,Male,,,,,,,
S489,,,7357092837,Shivam Khinchi,,21/02/2001,25,Male,,,,,,,
S490,,,8209253148,Deepak Mawara,,20/01/2002,24,Male,,,,,,,
S491,,,7607583568,Harshit Srivastav,,09/07/1998,28,Male,,,,,,,
S492,,,6366875408,Neha,,24/08/2022,3,Female,,,,,,,
S493,,,7792929824,Deepak Yadav,,21/12/2005,20,Male,,,,,,,
S494,,,8709713847,Rohit Raj,,28/12/2004,21,Male,,,,,,,
S495,,,8561989382,Pawan Marmat,,06/09/1997,28,Male,,,,,,,
S496,,,8307796739,Pooja Yadav,,07/01/1996,30,Female,,,,,,,
S497,,,6366875408,Neha Verma,,13/07/1993,33,Female,,,,,,,
S498,,,8798731687,Sunidhi Bharti,,30/12/2004,21,Female,,,,,,,
S499,,,8360311427,Dr Sadhana Gupta,,27/09/1995,30,Female,,,,,,,
S500,,,9079096275,Dr Rafyat Ara,,10/01/1996,30,Female,,,,,,,
S501,,,9541589828,Naved V Nabi,,03/01/2006,20,Male,,,,,,,
S502,,,6001368686,Ribli Hazarika,,20/08/2006,20,Female,,,,,,,
S503,,,7240177320,Asif Ansari,,20/11/1985,40,Male,,,,,,,
S504,,,8799776172,Arwa Bharpaal,,01/09/1996,29,Female,,,,,,,
S505,,,9214831786,Arshan Khan,,01/01/2005,21,Male,,,,,,,
S506,,,9413731467,Aakriti Sharma,,24/11/1999,26,Female,,,,,,,
S507,,,9599111054,Diya Vyas,,10/11/1996,29,Female,,,,,,,
S508,,,7830801989,Naina,,19/10/2003,22,Female,,,,,,,
S509,,,8505031208,Samridhi Sharma,,23/01/1994,32,Female,,,,,,,
S510,,,8459839390,Sujit Patil,,18/02/2004,22,Male,,,,,,,
S511,,,9660917349,Rahul,,15/06/2004,22,Male,,,,,,,
S512,,,9304465263,Anu Radha,,10/09/2022,3,Female,,,,,,,
S513,,,7665288348,Varshika Yadav,,05/09/2002,23,Female,,,,,,,
S514,,,8810849877,Himanshi Yadav,,17/07/2004,22,Female,,,,,,,
S515,,,9589966981,Sandesh Patidar,,04/07/1998,28,Male,,,,,,,
S516,,,8619339061,Bhavesh,,14/09/2022,3,Male,,,,,,,
S517,,,7014364047,Gauri Khandelwal,,15/11/1999,26,Female,,,,,,,
S518,,,7426852289,Harsh Yadav,,22/04/2002,24,Male,,,,,,,
S519,,,9691670470,Mulkraj Sahu,,27/07/2005,21,Male,,,,,,,
S520,,,7004266331,Ayush Raj,,19/08/2004,22,Male,,,,,,,
S521,,,8306819931,Jyoti Gurakhwar,,07/08/1993,33,Female,,,,,,,
S522,,,9929597332,Sunita Mundra,,14/11/1969,56,Female,,,,,,,
S523,,,8696688244,Akshay Goswami,,18/09/2022,3,Male,,,,,,,
S524,,,9309314444,Nandini Senghal,,19/09/2001,24,Female,,,,,,,
S525,,,7821814599,Priyanshi Jain,,11/03/2001,25,Female,,,,,,,
S526,,,9928883337,Selim,,14/08/1996,30,Female,,,,,,,
S527,,,8493805649,Rigzen Angmo,,10/10/2005,20,Female,,,,,,,
S528,,,8000585130,Anju Luckwal,,18/11/1985,40,Female,,,,,,,
S529,,,8789589633,Vaibhav Bharti,,11/11/2003,22,Male,,,,,,,
S530,,,7727970545,Ram Lakhan Saini,,23/04/1998,28,Male,,,,,,,
S531,,,9166142322,Ishan Mirza,,21/10/2006,19,Male,,,,,,,
S532,,,9887686722,Rekha Ji,,08/08/1981,45,Female,,,,,,,
S533,,,9696085702,Karundra Rai,,16/04/2004,22,Male,,,,,,,
S534,,,7507387666,Arya Gavande,,27/07/2005,21,Female,,,,,,,
S535,,,9079805568,Chetna Meena,,11/03/1997,29,Female,,,,,,,
S536,,,8660581054,Savita Marandi,,09/03/2000,26,Female,,,,,,,
S537,,,9174775728,Jatin Kumar Jaigid,,02/05/2003,23,Male,,,,,,,
S538,,,9413005800,Anita Madam,,30/09/1967,58,Female,,,,,,,
S539,,,7903198116,Pushpa Kumari,,10/02/1979,47,Female,,,,,,,
S540,,,6375136168,Deepti Panwar,,21/11/1985,40,Female,,,,,,,
S541,,,9521655508,Aashutosh Yadav,,27/12/1999,26,Male,,,,,,,
S542,,,9785808101,Warda,,28/04/1994,32,Female,,,,,,,
S543,,,9024187587,Khushboo Sharma,,19/11/1993,32,Female,,,,,,,
S544,,,7507387666,Chhaya Gavande,,19/11/1980,45,Female,,,,,,,
S545,,,9571113400,Drishti Goyal,,08/06/2008,18,Female,,,,,,,
S546,,,9079732795,Monika Vishwakarma,,01/06/1984,42,Female,,,,,,,
S547,,,9105546135,Shivam Parashar,,07/01/2004,22,Male,,,,,,,
S548,,,7974246223,Bhawana Nagdia,,15/10/1980,45,Female,,,,,,,
S549,,,6396805835,Khushi Chaudhary,,10/01/2003,23,Female,,,,,,,
S550,,,8881250206,Prateek,,22/07/2004,22,Male,,,,,,,
S551,,,8881250206,Ansh Maurya,,05/07/2004,22,Male,,,,,,,
S552,,,8876155747,Narze Hazarika,,25/05/1973,53,Female,,,,,,,
S553,,,9799440901,Mahesh Meena,,25/05/1981,45,Male,,,,,,,
S554,,,9829266565,Rekha Chaunshiyr,,31/08/1976,49,Female,,,,,,,
S555,,,9026372396,Amit Chaudhary,,01/01/2004,22,Male,,,,,,,
S556,,,9214831961,Gatmuktha,,21/07/2016,10,Female,,,,,,,
S557,,,8931022534,Abhimanyu Chanhar,,07/03/2003,23,Male,,,,,,,
S558,,,7725945065,Lakshay Mehra,,04/05/2000,26,Male,,,,,,,
S559,,,8175961280,Ojas Gupta,,09/03/2004,22,Male,,,,,,,
S560,,,7014947776,Mrs Rekha Poswal,,24/02/1972,54,Female,,,,,,,
S561,,,9351949172,Niharika Mathodia,,09/07/1989,37,Female,,,,,,,
S562,,,7014731197,Shoaib Khan,,11/05/1999,27,Male,,,,,,,
S563,,,9610774724,Ansha Gupta,,17/02/1994,32,Female,,,,,,,
S564,,,7665076097,Aliya Bagum,,20/10/1980,45,Female,,,,,,,
S565,,,7461800669,Ashutosh Singhal,,05/06/2004,22,Male,,,,,,,
S566,,,8290440660,Manisha,,14/06/1990,36,Female,,,,,,,
S567,,,7357755842,Uttam Kumar,,19/01/2006,20,Male,,,,,,,
S568,,,9887012721,Rajkumar Gurjar,,10/04/1976,50,Male,,,,,,,
S569,,,9406774492,Tarun Sharma,,13/09/1991,34,Female,,,,,,,
S570,,,7976950776,Meenakshi Gupta,,21/02/2000,26,Female,,,,,,,
S571,,,6260365890,Madhav Chhabra,,20/01/2006,20,Male,,,,,,,
S572,,,9462534562,Harshit Jain,,28/12/1996,29,Male,,,,,,,
S573,,,9447593700,Jino Thomas,,10/01/1985,41,Male,,,,,,,
S574,,,9415639585,Chandan Gupta,,01/07/2001,25,Male,,,,,,,
S575,,,8003918791,Amit Jain,,11/03/1994,32,Male,,,,,,,
S576,,,7742096844,Suman Bhatia,,26/11/1974,51,Female,,,,,,,
S577,,,8839267103,Reshmi Singh,,28/01/1973,53,Female,,,,,,,
S578,,,9982140772,Bamshi Singh Solanki,,17/07/1988,38,Male,,,,,,,
S579,,,7976783514,Akash Gautam,,25/10/1996,29,Male,,,,,,,
S580,,,8135948737,Rashmi Shikha Sarma,,09/11/1988,37,Female,,,,,,,
S581,,,9009917449,Akash Gurjar,,15/11/2004,21,Male,,,,,,,
S582,,,9549940603,Arpit Jain,,28/06/2002,24,Male,,,,,,,
S583,,,9742366040,Vijay Meena,,07/08/1978,48,Male,,,,,,,
S584,,,8949067306,Ajay Suman,,01/01/1996,30,Male,,,,,,,
S585,,,9950126222,Shivam Pahwa,,24/02/1998,28,Male,,,,,,,
S586,,,7877700944,Vandana Sharma,,18/07/1990,36,Female,,,,,,,
S587,,,8769491633,Priya Jethwani,,13/09/1976,49,Female,,,,,,,
S588,,,6375136168,Devendra Singh,,15/07/1987,39,Male,,,,,,,
S589,,,7878659132,Mokshita Jain,,24/09/2003,22,Female,,,,,,,
S590,,,9461672259,Tanmay Gupta,,27/12/2005,20,Male,,,,,,,
S591,,,8551008240,Anjali Jadon,,19/05/1993,33,Female,,,,,,,
S592,,,7425091228,Jyotsna Pandey,,11/12/2004,21,Female,,,,,,,
S593,,,9664010716,Manisha Jangir,,16/08/1994,32,Female,,,,,,,
S594,,,8890233716,Saroj Jain,,08/02/1990,36,Female,,,,,,,
S595,,,9709427499,Ronit Raj,,17/01/2004,22,Male,,,,,,,
S596,,,9079044599,Shehjadi,,18/11/1990,35,Female,,,,,,,
S597,,,8502037166,Kashish Jain,,02/01/2001,25,Male,,,,,,,
S598,,,9588880025,Kalpana Meena,,06/07/2003,23,Female,,,,,,,
S599,,,7014138577,Suman Dhiman,,11/08/1980,46,Female,,,,,,,
S600,,,7300000187,Mohd Shakir,,12/05/1992,34,Male,,,,,,,
S601,,,9784974653,Saraswati Jain,,08/11/1977,48,Female,,,,,,,
S602,,,9079207526,Pinky Nayak,,16/01/1993,33,Female,,,,,,,
S603,,,9373734956,Samrat Biswar,,28/10/2002,23,Male,,,,,,,
S604,,,9610087967,Priyanshu Bindal,,24/08/1998,27,Male,,,,,,,
S605,,,9610229705,Rinkee Mehta,,27/01/1997,29,Female,,,,,,,
S606,,,6394487861,Akhand Patel,,25/11/2022,3,Male,,,,,,,
S607,,,9784306408,Satyam Kumar,,17/03/2003,23,Male,,,,,,,
S608,,,8279263082,Praful Sahu,,28/10/1997,28,Male,,,,,,,
S609,,,8559977729,Narendra Kumar Meena,,10/05/2002,24,Male,,,,,,,
S610,,,8306707933,Sinjini Chatterjee,,20/10/2002,23,Female,,,,,,,
S611,,,8999067306,Ajay Suman,,01/01/1996,30,Male,,,,,,,
S612,,,7689914969,Ankit Yadav,,10/02/2002,24,Male,,,,,,,
S613,,,8955997069,Gaurav Jethwani,,30/10/1998,27,Male,,,,,,,
S614,,,9460002202,Abhilasha Mehta,,14/05/1978,48,Female,,,,,,,
S615,,,7891336724,Ankita Jain,,07/07/1991,35,Female,,,,,,,
S616,,,7568156810,Shalu Gupta,,02/12/1980,45,Female,,,,,,,
S617,,,9263199331,Jitendra Kumar,,15/01/1998,28,Male,,,,,,,
S618,,,9110484435,Gururaj HR,,09/11/2004,21,Male,,,,,,,
S619,,,8107998323,Vabbhav Nagar,,29/12/2001,24,Male,,,,,,,
S620,,,9460310527,Eisha Raaziya,,14/09/2002,23,Female,,,,,,,
S621,,,9664006199,Shahin Shaikh,,13/09/1998,27,Female,,,,,,,
S622,,,9352899169,Ankit Bairwa,,27/06/2002,24,Male,,,,,,,
S623,,,8769978220,Manila Juggam,,30/10/1994,31,Female,,,,,,,
S624,,,8402671715,Tannu Singh,,31/05/2004,22,Female,,,,,,,
S625,,,7742608563,Dr Jaya Sharma Ji It,,29/07/1999,27,Female,,,,,,,
S626,,,8744812400,Rahul Shelar,,12/05/1987,39,Male,,,,,,,
S627,,,7014116387,Tanjil Fatima,,17/05/2001,25,Female,,,,,,,
S628,,,7976085721,Dr Diksha Trivedi,,16/12/1993,32,Female,,,,,,,
S629,,,7781914641,Iram Gul,,16/01/1995,31,Female,,,,,,,
S630,,,9795139206,Khushi Prajapati,,03/04/2004,22,Female,,,,,,,
S631,,,8699912727,Rajat Sharm,,01/03/1994,32,Male,,,,,,,
S632,,,9001662577,Shailendra Verma,,27/05/1998,28,Male,,,,,,,
S633,,,9588045941,Vaibhav Jain,,31/10/1994,31,Male,,,,,,,
S634,,,9829652939,Himadri Singhal,,01/03/2007,19,Female,,,,,,,
S635,,,6005170602,Tanya Angural,,07/06/2004,22,Female,,,,,,,
S636,,,9893406828,Prasiddhi Sharma,,26/12/1999,26,Female,,,,,,,
S637,,,9529130165,Anish Gautam,,07/01/2001,25,Male,,,,,,,
S638,,,9772706529,Vaibhav P Jain,,06/05/1992,34,Male,,,,,,,
S639,,,8624813811,Hrishikesh Patar,,19/07/2004,22,Male,,,,,,,
S640,,,9358756784,Aditya Goyal,,31/12/1992,33,Male,,,,,,,
S641,,,9340363283,Kanchan Lakhwani,,04/03/1993,33,Female,,,,,,,
S642,,,9460961448,Dr Ayushi Gupta,,21/03/1994,32,Female,,,,,,,
S643,,,7976563390,Tushar Gurjar,,30/01/2008,18,Male,,,,,,,
S644,,,7728990731,Garima Sogariya,,24/10/1993,32,Female,,,,,,,
S645,,,7022209549,Rohit Marmet,,12/11/1995,30,Male,,,,,,,
S646,,,9024257622,Surendra Kumar,,10/01/1998,28,Male,,,,,,,
S647,,,9634498490,Pawan Sivach,,25/04/1997,29,Male,,,,,,,
S648,,,8949841694,Dr Deeksha Buliwal,,10/08/1993,33,Female,,,,,,,
S649,,,9950522392,Satlum Parmar,,01/06/1985,41,Female,,,,,,,
S650,,,8278616474,Vibha Rediwal,,09/05/1997,29,Female,,,,,,,
S651,,,9153194176,Priyanka Mahalo,,15/12/2000,25,Female,,,,,,,
S652,,,6303446750,Vibhuragyi Singh,,09/01/2004,22,Female,,,,,,,
S653,,,7015946860,Dr Sakshi Sharma,,26/10/1997,28,Female,,,,,,,
S654,,,6205619797,Nikhil Kumar,,22/11/2002,23,Male,,,,,,,
S655,,,8058033809,Aarzoo Tripathi,,15/11/1994,31,Female,,,,,,,
S656,,,7979012313,Satyam Kumar Singh,,27/02/2007,19,Male,,,,,,,
S657,,,9716924634,Vinita Bansal,,06/08/1984,42,Female,,,,,,,
S658,,,9024147616,Shahla Shaikh,,22/11/1991,34,Female,,,,,,,
S659,,,8890497447,Shushmit Pandey,,07/05/1997,29,Male,,,,,,,
S660,,,9415228982,Rinky Jain,,16/11/1979,46,Female,,,,,,,
S661,,,9166591310,Parth Garge,,15/12/1995,30,Male,,,,,,,
S662,,,9799093197,Geetika Sharma,,19/09/2003,22,Female,,,,,,,
S663,,,9449020613,Kiran Singh,,14/01/1972,54,Female,,,,,,,
S664,,,8696935701,Vandita Jain,,19/01/1994,32,Female,,,,,,,
S665,,,,Anita Madaan,,17/01/2023,3,Female,,,,,,,
S666,,,,Ruchita Madaan,,17/01/2023,3,Female,,,,,,,
S667,,,8949590655,Harendra Jajda,,15/08/1997,29,Male,,,,,,,
S668,,,9414179002,Reema Bhatia,,21/04/1961,65,Female,,,,,,,
S669,,,6377462064,Jyotsana Namdev,,09/06/1992,34,Female,,,,,,,
S670,,,9817605377,Swati Bhardwaj,,20/09/1996,29,Female,,,,,,,
S671,,,9057544300,Nikhil Pareta,,25/05/1994,32,Male,,,,,,,
S672,,,9149890216,Vipin Yadav,,08/05/1993,33,Male,,,,,,,
S673,,,7976085721,Priyanshu Trivedi,,10/06/2000,26,Male,,,,,,,
S674,,,7976085721,Sakshi Trivedi,,23/01/1997,29,Female,,,,,,,
S675,,,9587263194,Subhan Ansari,,24/01/2008,18,Male,,,,,,,
S676,,,,Janhavi Naik,,25/01/2004,22,Female,,,,,,,
S677,,,8795885983,Aditi Maheshwari,,16/04/2002,24,Female,,,,,,,
S678,,,9928370106,Anita Sethi,,27/01/1978,48,Female,,,,,,,
S679,,,9829740725,Sherry Samuel,,27/09/1980,45,Female,,,,,,,
S680,,,9571447537,Anmol Tiwari,,27/01/1994,32,Male,,,,,,,
S681,,,8081367277,Shreshtha Jain,,13/04/2009,17,Male,,,,,,,
S682,,,6393721220,Khushi Jain,,15/09/2005,20,Female,,,,,,,
S683,,,7258019416,Priyanshu Jaiswal,,16/03/2002,24,Male,,,,,,,
S684,,,9319222105,Heera Singh,,26/06/1993,33,Male,,,,,,,
S685,,,8851673576,Harsh Patel,,19/01/2004,22,Male,,,,,,,
S686,,,7690910822,Bhuvneshwari,,10/08/1992,34,Female,,,,,,,
S687,,,8696755513,Arshpreet Sahni,,30/06/1993,33,Female,,,,,,,
S688,,,7773801826,Aditya Khatik,,20/07/2002,24,Male,,,,,,,
S689,,,6201004619,Sohil Kumar,,09/04/2002,24,Male,,,,,,,
S690,,,9691443193,Eva Soni,,14/10/2005,20,Female,,,,,,,
S691,,,9891094354,Abhishek Jain,,07/02/1997,29,Male,,,,,,,
S692,,,8252591598,Kumar Sagar,,08/09/2004,21,Male,,,,,,,
S693,,,7734843817,Mrinal Arora,,15/09/1993,32,Male,,,,,,,
S694,,,9111898573,Kamala Mishra,,08/07/1986,40,Female,,,,,,,
S695,,,8529228363,Chanchal,,15/01/2004,22,Female,,,,,,,
S696,,,8210545074,Sarfaraz Khan,,24/03/2006,20,Male,,,,,,,
S697,,,8890978047,Shreya Nandwana,,06/02/2001,25,Female,,,,,,,
S698,,,6202025193,Kanishka Rahi,,28/04/2006,20,Female,,,,,,,
S699,,,9530521210,Sukhvir Kaur,,18/10/1984,41,Female,,,,,,,
S700,,,7339870629,Monika Meena,,28/05/1998,28,Female,,,,,,,
S701,,,9875403389,Dharmendra Hada,,12/09/1978,47,Male,,,,,,,
S702,,,7374947192,Shubham Kumar,,01/03/2007,19,Male,,,,,,,
S703,,,8239701020,Kritika Mehra,,16/12/1997,28,Female,,,,,,,
S704,,,6202646004,Puja Kumari,,26/01/2004,22,Female,,,,,,,
S705,,,9261111702,Nishitha Suneja,,13/12/1985,40,Female,,,,,,,
S706,,,9571113400,Ritu Goyal,,10/11/1984,41,Female,,,,,,,
S707,,,9870851187,Vijay Singh,,10/07/1993,33,Male,,,,,,,
S708,,,7877713303,Iffat Firdaus Khan,,12/02/2000,26,Female,,,,,,,
S709,,,8279284377,Manish Bairwa,,01/01/2002,24,Male,,,,,,,
S710,,,9509050986,Nitu Chondhary,,15/07/1993,33,Female,,,,,,,
S711,,,7742575910,Dr Sanobar Sheikh,,14/08/1992,34,Female,,,,,,,
S712,,,8178277717,Ashu Baisla,,02/11/2002,23,Male,,,,,,,
S713,,,9900193178,Saanya Singh,,05/10/1991,34,Female,,,,,,,
S714,,,8279289244,Kamlesh Marhra,,13/02/2003,23,Male,,,,,,,
S715,,,8386991404,Reena Abbas,,27/07/1979,47,Female,,,,,,,
S716,,,8789095732,Anjali,,12/07/2003,23,Female,,,,,,,
S717,,,8619936386,Diksha Pareek,,04/02/2003,23,Female,,,,,,,
S718,,,7073229300,Piyush Shaktawat,,29/06/1996,30,Male,,,,,,,
S719,,,9887682716,Ms Sunita Nagar,,18/02/1978,48,Female,,,,,,,
S720,,,6207413264,Eizad Ali,,09/05/2002,24,Male,,,,,,,
S721,,,9024398296,Shanaaz Bano,,18/02/1978,48,Female,,,,,,,
S722,,,7878645448,Arti Gupta,,26/06/2001,25,Female,,,,,,,
S723,,,8414932070,Varsha Galkwad,,01/10/1984,41,Female,,,,,,,
S724,,,9925904633,Shashank Mehra,,27/02/1995,31,Male,,,,,,,
S725,,,7976349488,Pooja Sharma,,10/07/1993,33,Female,,,,,,,
S726,,,8302026875,Ananya Vijay,,06/09/2003,22,Female,,,,,,,
S727,,,9929458130,Anju Singh,,24/12/1979,46,Female,,,,,,,
S728,,,9098691038,Shekaina Wesley,,07/02/2004,22,Female,,,,,,,
S729,,,7340176912,Kanishka Hada,,16/04/2005,21,Female,,,,,,,
S730,,,8306404474,Gayatri Chauhan,,25/09/2004,21,Female,,,,,,,
S731,,,9571474579,Jitendra Meena,,31/01/2004,22,Male,,,,,,,
S732,,,6375646652,Neelam Sen,,12/04/1992,34,Female,,,,,,,
S733,,,9680615843,Sonu Vaishanv,,24/02/1993,33,Female,,,,,,,
S734,,,9039594509,Bhavendra Mishra,,30/01/2005,21,Male,,,,,,,
S735,,,6375622289,Samiksha Tak,,11/04/2000,26,Female,,,,,,,
S736,,,9761022258,Shivam Parashar,,04/01/2001,25,Male,,,,,,,
S737,,,8467919621,Abdul Malik,,20/12/2005,20,Male,,,,,,,
S738,,,8795903226,Rajesh Maurya,,24/10/1996,29,Male,,,,,,,
S739,,,6378742285,Piyush Rathore,,20/02/2005,21,Male,,,,,,,
S740,,,9713227761,Hemlata Rathore,,25/11/1981,44,Female,,,,,,,
S741,,,8757325347,Shreya Tha,,13/06/2003,23,Female,,,,,,,
S742,,,7976662488,Suman Kumari Verma,,28/06/1995,31,Female,,,,,,,
S743,,,9664869494,Mudra Bhagat,,29/04/1996,30,Female,,,,,,,
S744,,,7877663310,Saarah Khan,,17/04/2005,21,Female,,,,,,,
S745,,,9602003514,Manish Meena,,25/06/1998,28,Male,,,,,,,
S746,,,7725945048,Saransh Roongta,,05/09/2000,25,Male,,,,,,,
S747,,,9588950728,Diya Jethwani,,12/09/2003,22,Female,,,,,,,
S748,,,8118827034,Nikky Jethwani,,09/08/2000,26,Female,,,,,,,
S749,,,9667885818,Neeru,,16/06/1986,40,Female,,,,,,,
S750,,,9425008326,Nikita Gupta,,31/12/1994,31,Female,,,,,,,
S751,,,9685556520,Deepali Jain,,24/11/1997,28,Female,,,,,,,
S752,,,7023031679,Cherry Jain,,27/05/2005,21,Female,,,,,,,
S753,,,8955666616,Akash Vaanwa,,13/05/1994,32,Male,,,,,,,
S754,,,9636356538,Neelam Saini,,30/11/1990,35,Female,,,,,,,
S755,,,9170099002,Rituraj Singh,,21/11/2003,22,Male,,,,,,,
S756,,,8079029540,Drashant Yadav,,02/07/1988,38,Male,,,,,,,
S757,,,7975371948,Vandana Agrawal,,25/04/1978,48,Female,,,,,,,
S758,,,9917317917,Shahina Ara,,28/01/1998,28,Female,,,,,,,
S759,,,7627097233,Poonam Sharma,,03/10/1999,26,Female,,,,,,,
S760,,,9718545789,Nikhil Singh,,22/03/1994,32,Male,,,,,,,
S761,,,7426994858,Pawan Kumar Verma,,11/07/1989,37,Male,,,,,,,
S762,,,7732876080,Pawan Nagar,,09/04/2000,26,Male,,,,,,,
S763,,,9660570410,Rishika Gautam,,08/07/2003,23,Female,,,,,,,
S764,,,7557750673,Sanskriti Shreya,,26/02/2003,23,Female,,,,,,,
S765,,,7667565328,Partiksha,,15/06/2003,23,Female,,,,,,,
S766,,,7905931690,Sarita Agrahri,,07/01/1975,51,Female,,,,,,,
S767,,,9461967611,Amisha Jain,,09/02/1999,27,Female,,,,,,,
S768,,,7081274566,Jaish Mohammad,,18/04/2002,24,Male,,,,,,,
S769,,,6376611926,Priya Shaurya,,07/04/2003,23,Female,,,,,,,
S770,,,9630843147,Anukriti Joshi,,05/08/1996,30,Female,,,,,,,
S771,,,9636356538,Pinki Saini,,24/03/1994,32,Female,,,,,,,
S772,,,9548974925,Arpit Yadav,,21/03/2004,22,Male,,,,,,,
S773,,,9588819400,Namrata Shringi,,07/04/2023,3,Female,,,,,,,
S774,,,9929432327,SURAJ SHARMA,,07/04/2023,3,Male,,,,,,,
S775,,,9694649424,Tarun Saini,,25/10/1995,30,Male,,,,,,,
S776,,,8291700946,Dhawan Shringi,,27/04/1989,37,Male,,,,,,,
S777,,,8209173437,Ruchika Joshi,,09/04/2023,3,Female,,,,,,,
S778,,,8890978047,Soumya Nandeana,,20/07/2003,23,Female,,,,,,,
S779,,,9783718777,Shibhu,,11/04/2023,3,Male,,,,,,,
S780,,,9717890497,Komal Raj,,11/12/2003,22,Female,,,,,,,
S781,,,7976605451,Vishal Khashyab,,09/08/1996,30,Male,,,,,,,
S782,,,6378730781,Karuna Devi,,13/04/1976,50,Female,,,,,,,
S783,,,8118897229,Preetam Kumar,,15/07/2002,24,Male,,,,,,,
S784,,,9116392760,Nazia,,14/04/2023,3,Female,,,,,,,
S785,,,7718804714,Rajni Prabhu,,02/04/1978,48,Female,,,,,,,
S786,,,7718804715,Kanishka Prabhu,,04/10/2007,18,Female,,,,,,,
S787,,,8789535959,Riya Pandey,,11/08/2004,22,Female,,,,,,,
S788,,,8094822660,Rohit Sankharol,,19/08/1999,27,Male,,,,,,,
S789,,,9116809688,Manju Khan,,20/07/1982,44,Female,,,,,,,
S790,,,8905613811,Nazia Ansari,,21/04/1987,39,Female,,,,,,,
S791,,,9316475538,Manan Jain,,08/08/2005,21,Male,,,,,,,
S792,,,9945252303,Pratika E Odngoudar,,02/10/2005,20,Female,,,,,,,
S793,,,9945252303,Indumati E Odugandar,,12/12/1980,45,Female,,,,,,,
S794,,,9602489749,Moksha,,14/07/1997,29,Female,,,,,,,
S795,,,6361279662,Mohit Chahar,,23/02/1998,28,Male,,,,,,,
S796,,,8178605195,Neha Meena,,25/04/1994,32,Female,,,,,,,
S797,,,9660743709,Dinesh Gunjal,,05/06/1993,33,Male,,,,,,,
S798,,,9019055961,Amanjeet Singh,,17/08/1993,33,Male,,,,,,,
S799,,,9860532729,Bhagyashree Bhati,,14/07/1991,35,Female,,,,,,,
S800,,,9413352658,Shivam Gupta,,24/12/1980,45,Male,,,,,,,
S801,,,9414071672,Prity,,19/01/1989,37,Female,,,,,,,
S802,,,7254992835,Aditya Raj,,07/03/2007,19,Male,,,,,,,
S803,,,7204543141,Sasmita Mallika,,01/01/1982,44,Female,,,,,,,
S804,,,7389973311,Santanu Mallick,,20/05/2006,20,Male,,,,,,,
S805,,,7014415392,Shanu Nagar,,15/02/2000,26,Female,,,,,,,
S806,,,7300240266,Ishika Garg,,15/02/2000,26,Female,,,,,,,
S807,,,7014017909,Mehrunnisha Ansari,,01/06/1974,52,Female,,,,,,,
S808,,,7739530982,Akshita Chhavi,,12/07/2004,22,Female,,,,,,,
S809,,,9414937223,Prabha Saraswat,,15/07/1971,55,Female,,,,,,,
S810,,,8448197678,Sikandar Khan,,08/07/1990,36,Male,,,,,,,
S811,,,8003698883,Abhimanyu Bakhshi,,16/10/1988,37,Male,,,,,,,
S812,,,7762521605,Shubham Bharti,,17/03/2004,22,Male,,,,,,,
S813,,,9538076179,Akansha Saxena,,14/07/1994,32,Female,,,,,,,
S814,,,9828823116,Khushi Sharma,,19/04/1990,36,Female,,,,,,,
Ss 1115,,,7976698100,Timtim Vishnavi,,07/04/2009,17,Female,,,,,,,
S816,,,9610720551,Sonika Rathore,,28/10/2002,23,Female,,,,,,,
S817,,,8209623583,Deepak Kashyap,,22/10/1984,41,Male,,,,,,,
S818,,,8005728264,Sakshi Pradhan,,29/12/1986,39,Female,,,,,,,
S819,,,9785603878,Laxmi Malav,,16/12/1991,34,Female,,,,,,,
S820,,,9530098290,Priyanka Malav,,28/07/1996,30,Female,,,,,,,
S821,,,9784770149,Satyendra Sharma,,27/05/1983,43,Male,,,,,,,
S822,,,8766839125,Anand Rathi,,08/03/2006,20,Male,,,,,,,
S823,,,9784629205,Jagrati Jain,,28/03/1992,34,Female,,,,,,,
S824,,,9024951948,Pradeep Suman,,12/10/1998,27,Male,,,,,,,
S825,,,6287579411,Anish Kumar,,09/09/2005,20,Male,,,,,,,
S826,,,9413858777,Harprit Kaur,,27/10/1990,35,Female,,,,,,,
S827,,,,Aslam Sherkhan,,18/03/1981,45,Male,,,,,,,
S828,,,8390620629,K Shivanand,,05/03/1990,36,Male,,,,,,,
S829,,,9456900455,Sunita Rawat,,20/08/1988,38,Female,,,,,,,
S830,,,7014213007,Menka Sharma,,02/02/1980,46,Female,,,,,,,
S831,,,9982562807,Pooja Aswani,,28/12/1997,28,Female,,,,,,,
S832,,,6377890938,Sonali Chaurasiya,,24/04/2003,23,Female,,,,,,,
S833,,,8209373881,Divyanshi Sharma,,25/12/1991,34,Female,,,,,,,
S834,,,7339933492,Jyoti Sharma,,12/11/1969,56,Female,,,,,,,
S835,,,9811143736,Viji Hari Kumar,,05/06/1979,47,Female,,,,,,,
S836,,,7795890105,Dr Ashwini M,,01/07/1995,31,Female,,,,,,,
S837,,,9468663854,Goranshi Jain,,18/11/1998,27,Female,,,,,,,
S838,,,9834468721,Manisha Gaware,,18/02/1982,44,Female,,,,,,,
S839,,,7095543451,Lavina Sharma,,18/06/1991,35,Female,,,,,,,
S840,,,7668897106,Anas Khan,,29/08/1999,26,Male,,,,,,,
S841,,,7014497733,Rahman,,05/06/1992,34,Male,,,,,,,
S842,,,9983790446,Azeem Uddin,,01/03/1991,35,Male,,,,,,,
S843,,,7073348662,Nadim Ansari,,26/03/1997,29,Male,,,,,,,
S844,,,9713007654,Reena Sharma,,26/07/1978,48,Female,,,,,,,
S845,,,6376719956,Bheemraj Nagar,,14/07/1987,39,Male,,,,,,,
S846,,,9404175905,Lavanya Bhavsar,,25/10/1982,43,Female,,,,,,,
S847,,,7484023277,Anand Kumar,,02/09/2004,21,Male,,,,,,,
S848,,,9456900455,Chirag Rawat,,18/05/2011,15,Male,,,,,,,
S849,,,7889020690,Mayank Chaudhary,,10/10/2006,19,Male,,,,,,,
S850,,,7742288786,Tabassum Pathan,,21/06/1975,51,Female,,,,,,,
S851,,,8545819369,Anvi,,16/10/2005,20,Female,,,,,,,
S852,,,8643014000,Pankaj Kumar,,01/01/2005,21,Male,,,,,,,
S853,,,9899390027,Anu Dogra,,06/08/1969,57,Female,,,,,,,
S854,,,8955524264,Saif Ali,,27/08/1995,30,Male,,,,,,,
S855,,,9001303730,Sarita Gautam,,03/01/1984,42,Female,,,,,,,
S856,,,9690252574,Shaan E Alam,,01/01/2003,23,Male,,,,,,,
S857,,,7355798797,Anurag Singh,,30/07/2007,19,Male,,,,,,,
S858,,,7000464188,Kriti Mishra,,09/11/1993,32,Female,,,,,,,
S859,,,9057788492,Ravish Badgujar,,07/10/2002,23,Male,,,,,,,
S860,,,7023765532,Muktesh Paliwal,,14/03/2000,26,Male,,,,,,,
S861,,,9971261705,Pari,,23/11/1994,31,Female,,,,,,,
S862,,,7857881872,Wish Kumar,,31/01/2007,19,Male,,,,,,,
S863,,,6377825290,Tanya,,21/07/1999,27,Male,,,,,,,
S864,,,8409672797,Aditya,,14/05/2007,19,Male,,,,,,,
S865,,,9421882731,Dr Kirti Vyas,,21/06/1975,51,Female,,,,,,,
S866,,,9834008933,Aditi Shinde,,20/06/2023,3,Female,,,,,,,
S867,,,8290934399,Shahid Khan,,01/01/1989,37,Female,,,,,,,
S868,,,9634451882,Anurag Singh,,21/11/2005,20,Male,,,,,,,
S869,,,9634451882,Dharmender Singh,,10/08/1985,41,Male,,,,,,,
S870,,,9950802281,Arin Khandelwal,,25/02/2002,24,Male,,,,,,,
S871,,,9973961253,Ankit Kumar,,23/08/2000,26,Male,,,,,,,
S872,,,7752892628,Anurag Michra,,02/11/2006,19,Male,,,,,,,
S873,,,8377992177,Rekha Nath,,01/01/1991,35,Female,,,,,,,
S874,,,7297098315,Rohit Kumar,,22/09/2005,20,Male,,,,,,,
S875,,,8291671420,Divyanshu Sharma,,29/12/1998,27,Male,,,,,,,
S876,,,7740905177,Manju Mahawar,,01/01/1998,28,Female,,,,,,,
S877,,,8078606973,Surya Vyas,,10/08/1998,28,Male,,,,,,,
S878,,,6378366695,Harshit Soni,,07/06/2000,26,Male,,,,,,,
S879,,,9307145622,Vedant Chaudhan,,05/08/2006,20,Male,,,,,,,
S880,,,9950725888,Mehak Wadhwani,,23/09/1987,38,Female,,,,,,,
S881,,,7992230635,Ayush Rajput,,01/01/2007,19,Male,,,,,,,
S882,,,9057451301,Neetu Gaun,,24/01/1972,54,Female,,,,,,,
S883,,,8107321816,Pallavi Agarwal,,23/08/1999,27,Female,,,,,,,
S884,,,8741809196,Priyanka Vaishnav,,21/01/1993,33,Female,,,,,,,
S885,,,9476223868,Varsha Bizla,,28/05/1980,46,Female,,,,,,,
S886,,,9636388292,Deendayal Verma,,06/03/1999,27,Male,,,,,,,
S887,,,8764422733,Shivam Meena,,16/07/2004,22,Male,,,,,,,
S888,,,7078437915,Ananya Rathor,,08/10/2004,21,Female,,,,,,,
S889,,,8905419618,Inu Meena,,08/11/2001,24,Female,,,,,,,
S890,,,9460560348,Arun K Jain,,22/05/1957,69,Male,,,,,,,
S899,,,8233435478,Soniya Chaudhary,,28/10/1982,43,Female,,,,,,,
S891,,,7014363180,Lucky Bairagi,,11/12/1997,28,Male,,,,,,,
S892,,,9120131123,Gauransh Patel,,24/12/2006,19,Male,,,,,,,
S893,,,6281533420,C Sahithi,,25/05/2007,19,Female,,,,,,,
S894,,,6769005252,Aastha Chaturvedi,,23/09/2001,24,Female,,,,,,,
S895,,,8233884481,Rekha Charan,,21/07/2023,3,Female,,,,,,,
S896,,,8600463191,Sarojini Dashrdth Jadhav,,01/07/1977,49,Female,,,,,,,
S897,,,8696948948,Shree Vaishnav,,18/06/1993,33,Male,,,,,,,
S898,,,8920464466,Aayushi Hari Kumar,,21/07/2004,22,Female,,,,,,,
S900,,,8078671250,Ishika Sharma,,13/06/2000,26,Female,,,,,,,
S901,,,8318892214,Aarchna,,28/03/1983,43,Female,,,,,,,
S909,,,9521026755,Aarchana,,28/07/2023,3,Female,,,,,,,
S902,,,7355627622,Tanmay,,14/05/2005,21,Male,,,,,,,
S903,,,9630146809,Nisha Soni,,08/08/1978,48,Female,,,,,,,
S904,,,7231842739,Khushbu Barman,,11/07/2002,24,Female,,,,,,,
S905,,,9414242686,Vishnu Pankaj,,10/08/1992,34,Male,,,,,,,
S906,,,9351349751,Shiva Parmar,,26/02/2006,20,Male,,,,,,,
S907,,,8890988430,Ravi Shankat,,18/08/1998,28,Male,,,,,,,
S908,,,7878875950,Yatesh Bheel,,11/09/2005,20,Male,,,,,,,
S910,,,9588670157,Anuj Yadav,,09/03/2009,17,Male,,,,,,,
S911,,,9588670157,Varun Muttepawar,,13/07/2002,24,Male,,,,,,,
S912,,,9588670157,Pooja Tiwari,,03/07/2007,19,Female,,,,,,,
S913,,,9588670157,Belal Ashraf,,15/08/2002,24,Male,,,,,,,
S914,,,9588670157,Aditi Chaturvedi,,19/02/1991,35,Female,,,,,,,
S915,,,9588670157,Ratesh Jadhav,,23/01/2007,19,Male,,,,,,,
S916,,,9588670157,Ganesh Shinde,,19/05/1976,50,Male,,,,,,,
S917,,,9784941864,Lakshit Samaria,,14/04/2002,24,Male,,,,,,,
S918,,,8619507085,Khalid,,11/06/1990,36,Male,,,,,,,
S919,,,9599479075,Nikita Mulchandani,,08/01/1994,32,Female,,,,,,,
S920,,,9915454336,Pallavi Sharma,,01/05/1990,36,Female,,,,,,,
S921,,,9004598481,Neha Meena,,26/08/1994,31,Female,,,,,,,
S922,,,9079528159,Sunita Sharma,,10/05/1981,45,Female,,,,,,,
S923,,,,Sahil Ali,,23/12/2002,23,Male,,,,,,,
S924,,,9261630063,Ishika Khatri,,19/01/2000,26,Female,,,,,,,
S925,,,8764425116,Priya Aaya,,07/02/1998,28,Female,,,,,,,
S926,,,9782036881,Adi Jain,,29/06/2006,20,Male,,,,,,,
S927,,,9829267583,Sakshi Panchal,,24/07/2002,24,Female,,,,,,,
S928,,,9955395799,Satya Prakash,,06/03/2005,21,Male,,,,,,,
S929,,,9660855027,Kirti Kalwar,,21/05/1996,30,Female,,,,,,,
S930,,,6377325335,Saim Khan,,15/11/1999,26,Male,,,,,,,
S931,,,8619081667,Sajiya Khanam,,07/12/1995,30,Female,,,,,,,
S932,,,8114421157,Manish Baswal,,22/05/1991,35,Male,,,,,,,
S933,,,8949724930,Pinku,,04/03/1973,53,Female,,,,,,,
S934,,,8390800445,Pallavi Das,,02/07/1981,45,Female,,,,,,,
S935,,,8003442199,Yashwant Kumar Soni,,27/09/1999,26,Male,,,,,,,
S936,,,7976886801,Dr Rashmi Saxena,,07/02/1968,58,Female,,,,,,,
S937,,,9905046411,Shagun Yadav,,13/02/2007,19,Female,,,,,,,
S938,,,7023556734,Sooraj Prajapati,,06/05/2005,21,Male,,,,,,,
S939,,,9430557673,Sushma Gupta,,26/10/1987,38,Female,,,,,,,
S940,,,8302082940,Pawan Upadhyay,,16/07/2000,26,Male,,,,,,,
S941,,,9233715338,Mumtak Taki,,09/10/2005,20,Female,,,,,,,
S942,,,9587038945,Pushpendra Singh,,18/01/2000,26,Male,,,,,,,
S943,,,9001506977,Sharad Agarwal,,21/08/1975,51,Male,,,,,,,
S944,,,9588221032,Kashish Jethwani,,31/08/1994,31,Male,,,,,,,
S945,,,9888838749,Vandana Chaudhary,,20/01/1982,44,Female,,,,,,,
S946,,,9837100763,Devesh Pal,,02/04/2007,19,Male,,,,,,,
S947,,,9413066203,Pinky Sharma,,05/06/1984,42,Female,,,,,,,
S948,,,8505032705,Barsha Singh,,20/01/2007,19,Female,,,,,,,
S949,,,9414202548,Yuvi Batra,,25/05/2006,20,Female,,,,,,,
S950,,,,Himanshu Rathore,,24/07/1998,28,Male,,,,,,,
S951,,,,Bhuli Rathore,,26/08/1978,47,Female,,,,,,,
S952,,,9339321225,Soumita Bakshi,,29/07/2004,22,Female,,,,,,,
S953,,,8294829095,Amrita Yadav,,15/11/2006,19,Female,,,,,,,
S954,,,7891734223,Monika Malav,,06/01/1999,27,Female,,,,,,,
S955,,,6350607749,Varsha Chaurla,,25/03/1996,30,Female,,,,,,,
S956,,,9887806640,Deepika Agrawal,,13/02/1982,44,Female,,,,,,,
S957,,,9476223868,Nandani Bizla,,06/11/2006,19,Female,,,,,,,
S958,,,9414187412,Aanwar Ahamad,,15/01/1977,49,Male,,,,,,,
S959,,,9530493227,Vishal Boras,,21/02/1994,32,Male,,,,,,,
S960,,,8809663890,Sunny Singh,,05/01/2006,20,Female,,,,,,,
S961,,,9119328153,Harsh Wardhan Singh,,20/08/2006,20,Male,,,,,,,
S962,,,9065767293,Shivam Kumar,,28/02/2006,20,Male,,,,,,,
S963,,,7665876486,Arunesh Kumar,,11/07/1998,28,Male,,,,,,,
S964,,,7779822843,Munni Gupta,,02/09/1985,40,Female,,,,,,,
S965,,,8769273013,Priya Satija,,14/01/1998,28,Female,,,,,,,
S966,,,9461159649,Janvi Vijay,,31/08/2001,24,Female,,,,,,,
S967,,,9588877244,Harshit Vijay,,15/10/2007,18,Male,,,,,,,
S968,,,9341032541,Piyush Kumar,,10/10/2003,22,Male,,,,,,,
S969,,,9166461667,Manoj Mehta,,05/10/1987,38,Male,,,,,,,
S970,,,7689972003,Shoyab Ali,,04/06/2000,26,Male,,,,,,,
S971,,,7856846784,Prince Kumar Singh,,09/05/2006,20,Male,,,,,,,
S972,,,8797143908,Aryan Raj,,21/03/2007,19,Male,,,,,,,
S973,,,9006889849,Yuvraj Kumar,,03/10/2005,20,Male,,,,,,,
S974,,,8290385656,Gagan Jain,,01/01/1996,30,Male,,,,,,,
S975,,,9680283636,Harshad Jain,,22/08/2006,20,Male,,,,,,,
S976,,,8791829230,Archana Singh,,02/10/1978,47,Female,,,,,,,
S977,,,9530400685,Amit Kumar,,06/06/1979,47,Male,,,,,,,
S978,,,6200414013,Apoorva Azad,,05/12/2004,21,Female,,,,,,,
S979,,,9116839231,Aarush Mehta,,06/10/1999,26,Male,,,,,,,
S980,,,7857810734,Adarsh Raj,,03/05/2005,21,Male,,,,,,,
S981,,,8878246144,Amanpal Singh,,22/10/2004,21,Male,,,,,,,
S982,,,9166550492,Meena Kumari,,05/11/2005,20,Female,,,,,,,
S983,,,9509082489,Khushi Bhatia,,08/02/2001,25,Female,,,,,,,
S984,,,8426873562,Riya Jayaswal,,30/08/1998,27,Female,,,,,,,
S985,,,9958685123,Vaibhav Chawla,,29/08/1994,31,Male,,,,,,,
S986,,,9414729404,Dr C P Meena,,20/05/1975,51,Male,,,,,,,
S987,,,9799951462,Sneha Chadha,,31/07/2004,22,Female,,,,,,,
S988,,,8986990149,Ajit Kumar,,25/12/2003,22,Male,,,,,,,
S989,,,7259770457,Preeti Roy,,07/12/1977,48,Female,,,,,,,
S990,,,9057521266,Shikha Meena,,26/03/1994,32,Female,,,,,,,
S991,,,9131515879,Khilesh Raj,,08/02/2007,19,Male,,,,,,,
S992,,,7631261846,Nikhil Kumar,,15/06/2006,20,Male,,,,,,,
S993,,,6378103206,Ena Samdal,,20/12/1999,26,Female,,,,,,,
S994,,,8227031611,Puspha Sab,,01/01/1986,40,Female,,,,,,,
S995,,,9411438157,Naseem Jhana,,04/08/1984,42,Male,,,,,,,
S996,,,7727836093,Arvis Dhanvick,,30/01/1991,35,Male,,,,,,,
S997,,,8340631011,Ishita Raj,,16/09/2002,23,Female,,,,,,,
S998,,,,Manisha Puri,,28/02/1992,34,Female,,,,,,,
S999,,,9414191133,Pulkit Jain,,19/09/1991,34,Male,,,,,,,
S1000,,,7014731862,Khushbu Ameta,,01/01/1999,27,Female,,,,,,,
S1001,,,8209353806,Muskan Kharediya,,17/06/2005,21,Female,,,,,,,
S1002,,,9798924378,Rahat Ali,,10/07/2005,21,Male,,,,,,,
S1003,,,9414359649,Swati Vijay,,26/06/1975,51,Female,,,,,,,
S1004,,,9828758866,Ruby Jain,,05/03/1978,48,Female,,,,,,,
S1005,,,7667350065,Aditya Kumar,,19/10/2004,21,Male,,,,,,,
S1006,,,9982679795,Manisha Agawal,,03/01/1992,34,Female,,,,,,,
S1007,,,8094038045,Devki Jangid,,19/11/1996,29,Female,,,,,,,
S1008,,,9352626136,Nisha Silawat,,13/08/2005,21,Female,,,,,,,
S1009,,,6205801242,Ludo Devi,,01/01/1985,41,Female,,,,,,,
S1010,,,9660767272,Bhawani Goyal,,30/04/1991,35,Male,,,,,,,
S1011,,,9680680386,Pranjal Pareta,,09/01/2000,26,Female,,,,,,,
S1012,,,7850892370,Nisha Jhawa,,24/02/2005,21,Female,,,,,,,
S1013,,,9706223368,Shataksi Bashit,,10/02/2005,21,Female,,,,,,,
S1014,,,9829342399,Sadhna Sinohal,,17/08/1967,59,Female,,,,,,,
S1015,,,8617306396,Shawon Roy,,25/11/2001,24,Male,,,,,,,
S1016,,,9057582681,Kavita Chaudhary,,14/07/1970,56,Female,,,,,,,
S1017,,,9057879597,Aditi Chaudhary,,18/08/1998,28,Female,,,,,,,
S1018,,,7985219064,Khushi Vishwakarma,,13/05/2004,22,Female,,,,,,,
S1019,,,7007165196,Subhranshu Varma,,10/01/2002,24,Male,,,,,,,
S1020,,,9466587364,Khushi Yadav,,27/12/2007,18,Female,,,,,,,
S1021,,,7004070919,Ashish Kumar,,26/10/2005,20,Male,,,,,,,
S1022,,,9931359704,Amritanshu,,20/08/2005,21,Male,,,,,,,
S1023,,,8252644459,Satyam Kumar,,25/11/2005,20,Male,,,,,,,
S1024,,,9269623444,Riya Hiramantani,,28/12/2000,25,Female,,,,,,,
S1025,,,8376918219,Pratiksha Beniwal,,02/05/1989,37,Female,,,,,,,
S1026,,,8287164226,Kusum Meena,,19/04/1983,43,Female,,,,,,,
S1027,,,,Arun Beniwal,,03/10/1978,47,Male,,,,,,,
S1028,,,6299513123,Ranjeet Kumar,,03/05/2004,22,Male,,,,,,,
S1029,,,9610725328,Sachin Kharediya,,03/08/2003,23,Male,,,,,,,
S1030,,,9001540861,Apoorv Shukla,,21/12/2022,3,Male,,,,,,,
S1031,,,9343115793,Indra Kamal,,30/03/2006,20,Male,,,,,,,
S1032,,,8078679840,Nupur Vaswani,,18/07/1997,29,Female,,,,,,,
S1033,,,6204000406,Vijay Laxmi,,07/02/2002,24,Female,,,,,,,
S1034,,,9257322358,Shaista Sultana,,17/08/1978,48,Female,,,,,,,
S1035,,,9460310527,Rumaan,,26/10/2006,19,Male,,,,,,,
S1036,,,7297865454,Faizan Mohammed,,03/11/2005,20,Male,,,,,,,
S1037,,,9166665219,Divya Mithal,,10/02/1991,35,Female,,,,,,,
S1038,,,7449775343,Pramod Shah,,02/12/1996,29,Male,,,,,,,
S1039,,,9508669408,Raj Singh,,10/10/2006,19,Male,,,,,,,
S1040,,,7860921973,Rifat Khan,,05/12/2002,23,Female,,,,,,,
S1041,,,8937070879,Siddhartha Bhatt,,12/02/2005,21,Male,,,,,,,
S1042,,,9555426542,Divyansh Singh Yadav,,25/05/2006,20,Male,,,,,,,
S1043,,,6263014719,Dheerap Singh,,16/11/2004,21,Male,,,,,,,
S1044,,,8619953879,Shiwani Tiwari,,30/04/1994,32,Female,,,,,,,
S1045,,,7796321175,Hardik Rathu,,01/01/2007,19,Male,,,,,,,
S1046,,,8209845157,Ashish,,07/10/1997,28,Male,,,,,,,
S1047,,,9829402969,Shakshi Jain,,29/04/1997,29,Female,,,,,,,
S1048,,,221090855,Swapnil Shingh,,28/05/1998,28,Male,,,,,,,
S1049,,,8949566072,Roni Naik,,13/10/1995,30,Female,,,,,,,
S1050,,,8078679840,Khyati Vaswani,,11/09/2000,25,Female,,,,,,,
S1051,,,8619305887,Saloni Kayal,,30/06/1998,28,Female,,,,,,,
S1052,,,8441860718,Vidhi Sharma,,15/09/2000,25,Female,,,,,,,
S1053,,,,Praveen,,05/05/1978,48,Female,,,,,,,
S1054,,,8000846821,Priti Kumari,,01/03/1997,29,Female,,,,,,,
S1055,,,7338967402,Aditya Durvedi,,11/08/1997,29,Male,,,,,,,
S1056,,,9711012760,Tripti Mishra,,27/07/1998,28,Female,,,,,,,
S1057,,,7007756160,Ramjie Yadav,,08/10/1995,30,Male,,,,,,,
S1058,,,8690595104,Dikshi Gupta,,24/06/2000,26,Female,,,,,,,
S1059,,,8949998371,Surbhi Shrivastava,,12/04/1996,30,Female,,,,,,,
S1060,,,7851878970,Parul Laddha,,01/06/1996,30,Female,,,,,,,
S1061,,,9351207598,Hamant Bagdi,,07/01/1998,28,Male,,,,,,,
S1062,,,8875869985,Raghuveer Meena,,07/09/1997,28,Male,,,,,,,
S1063,,,9752933363,Pooja Nagvanshi,,24/07/2001,25,Female,,,,,,,
S1064,,,9413276990,Vaishrli Gulati,,29/11/1997,28,Female,,,,,,,
S1065,,,9784023352,Manas Gupta,,29/01/2005,21,Male,,,,,,,
S1066,,,9955032334,Ankit,,21/09/2007,18,Male,,,,,,,
S1067,,,8955555886,Akshay Saxena,,01/12/1999,26,Male,,,,,,,
S1068,,,7891993122,Rajni Meena,,04/04/1997,29,Female,,,,,,,
S1069,,,9521377122,Sushila Vaishnoi,,07/07/1978,48,Female,,,,,,,
S1070,,,7798540805,Heena Kouser,,23/08/1990,36,Female,,,,,,,
S1071,,,9636108639,Hariom Mehta,,03/07/2000,26,Male,,,,,,,
S1072,,,9772706529,Anju Jainq,,23/06/1973,53,Female,,,,,,,
S1073,,,8340402573,Arvind Jumar,,30/05/1997,29,Male,,,,,,,
S1074,,,8875285983,Lata Hirani,,04/09/1992,33,Female,,,,,,,
S1075,,,9468577068,Seema Choudhry,,04/07/1987,39,Female,,,,,,,
S1076,,,7903798863,Guriya Kumari,,05/08/1983,43,Female,,,,,,,
S1077,,,8769005252,Astitva Chaturvedio,,01/11/2011,14,Male,,,,,,,
S1078,,,9079082659,Priyanka Meena,,18/05/2000,26,Female,,,,,,,
S1079,,,9002290800,Smita Mishra,,28/01/2003,23,Female,,,,,,,
S1080,,,7903463225,Ravi Yadav,,05/03/2005,21,Male,,,,,,,
S1081,,,9903160635,Madhumita Gorwani,,15/04/1986,40,Female,,,,,,,
S1082,,,9602854849,Divya Gautam,,08/09/1999,26,Female,,,,,,,
S1083,,,9079006796,Lali Kumari Meena,,20/07/1995,31,Female,,,,,,,
S1084,,,9305788853,Anaf Ansari,,07/02/2007,19,Male,,,,,,,
S1085,,,9610829999,Prabhpreet Shingh,,03/03/2007,19,Male,,,,,,,
S1086,,,8290350372,Deepika Madan,,24/10/1984,41,Female,,,,,,,
S1087,,,8949878141,Praful,,12/07/1995,31,Male,,,,,,,
S1088,,,8107071456,Abida,,29/11/1984,41,Female,,,,,,,
S1089,,,8949324639,Twincle Chauhan,,05/04/1998,28,Female,,,,,,,
S1090,,,8784042948,Neeru Chaodhary,,24/09/1990,35,Female,,,,,,,
S1091,,,8890111554,Satakshi Dhokre,,23/09/2000,25,Female,,,,,,,
S1092,,,6377183601,Mrs Vandana Kewat,,21/03/2001,25,Female,,,,,,,
S1093,,,9782069205,Neetu Meena,,08/11/2023,2,Female,,,,,,,
S1094,,,7503453499,Dr Suman Meena,,18/11/1984,41,Female,,,,,,,
S1095,,,9269008676,Madhukar Yadav,,10/08/1994,32,Male,,,,,,,
S1096,,,,Musaffa Ansari,,26/07/2011,15,Female,,,,,,,
S1097,,,8005762209,Hari Mohan Varma,,30/04/1996,30,Male,,,,,,,
S1098,,,7908593902,Biswas Sarkar,,20/03/2006,20,Male,,,,,,,
S1099,,,9460079185,Niroja,,03/05/1975,51,Female,,,,,,,
S1100,,,9166045452,Aftab Ansari,,08/08/1999,27,Male,,,,,,,
S1101,,,9302952467,Vikash Pochoriya,,10/12/2004,21,Male,,,,,,,
S1102,,,8384962797,Dr Arpita Lohani,,06/09/1997,28,Female,,,,,,,
S1103,,,8619087077,Jayshree Vyas,,15/09/1995,30,Female,,,,,,,
S1104,,,9667191531,Preeti Meena,,19/12/1989,36,Female,,,,,,,
S1105,,,9174685821,Dr Lekha Soni,,24/01/1991,35,Female,,,,,,,
S1106,,,9829035397,Dr Vandana Pathak Maam,,22/10/1965,60,Female,,,,,,,
S1107,,,7976273540,Aman Soni,,16/01/2000,26,Male,,,,,,,
S1108,,,9829035397,Kartik Pathak,,02/11/1993,32,Male,,,,,,,
S1109,,,9714090949,Dhananjay Jha,,15/01/2004,22,Male,,,,,,,
S1110,,,,Hardick Bhagat,,16/04/2006,20,Male,,,,,,,
S1111,,,9664429843,Roma Tiwari,,24/01/1967,59,Female,,,,,,,
S1112,,,8955369533,Vaishali Tiwari,,29/05/1995,31,Female,,,,,,,
S1113,,,9460172813,Nidhi Rathore,,09/01/2002,24,Female,,,,,,,
S1114,,,7043132438,Vaibhav Sharma,,26/01/1989,37,Male,,,,,,,
S1115,,,7976698100,Timtim Vishnani,,07/04/2009,17,Female,,,,,,,
S1116,,,7877913614,Manisha Jhatwani,,06/07/2003,23,Female,,,,,,,
S1117,,,7903198116,Aryan Pushpraj,,18/09/2006,19,Male,,,,,,,
S1118,,,9829035397,Dr Vandana Pathak,,18/11/2023,2,Female,,,,,,,
S1119,,,8209098295,Neha Sharma,,29/04/1999,27,Female,,,,,,,
S1120,,,7643914460,Md Mozanmil Alam,,12/10/2006,19,Male,,,,,,,
S1121,,,9875747208,Akansha Agarwal,,22/11/1993,32,Female,,,,,,,
S1122,,,9880378977,Anup Kumar,,13/11/1988,37,Male,,,,,,,
S1123,,,9523213058,Sahil Raj,,13/10/2003,22,Male,,,,,,,
S1124,,,9569188387,Siddharth Singh,,30/11/2005,20,Male,,,,,,,
S1125,,,9588009035,Asha Tarwar,,11/05/1998,28,Female,,,,,,,
S1126,,,6374324629,Savita Bhadu,,30/06/1999,27,Female,,,,,,,
S1127,,,6299591219,Suraj Kumar Gupta,,16/09/2002,23,Male,,,,,,,
S1128,,,9424982241,Ram Patel,,11/08/2007,19,Male,,,,,,,
S1129,,,9690110591,Neeraj Sharma,,25/11/2023,2,Male,,,,,,,
S1130,,,9413356479,Khushi,,26/11/2023,2,Female,,,,,,,
S1131,,,7398201415,Ritika Singh,,28/06/2003,23,Female,,,,,,,
S1132,,,,Sahaj Gupta,,27/11/2011,14,Female,,,,,,,
S1133,,,9680155080,Saurabh Sahu,,27/09/1993,32,Male,,,,,,,
S1134,,,9422233335,Chanchal Agrawal,,15/08/2006,20,Female,,,,,,,
S1135,,,9905823492,Sanaya Sharma,,15/07/2006,20,Female,,,,,,,
S1136,,,9549644274,Priyanka Jaiswal,,30/03/1977,49,Female,,,,,,,
S1137,,,7976825806,Khushi Verma,,20/10/2007,18,Female,,,,,,,
S1138,,,9216443096,Sumit Kumar,,27/01/2007,19,Male,,,,,,,
S1139,,,9413087474,Rinku Dhagal,,29/11/1991,34,Male,,,,,,,
S1140,,,9771119373,Ankit Kumar,,05/07/2005,21,Male,,,,,,,
S1141,,,7023246940,Prakgas Sharma,,05/09/2005,20,Male,,,,,,,
S1142,,,9887367392,Bhawna Chaudhry,,19/07/1997,29,Female,,,,,,,
S1143,,,9079883503,Mahima Choudhary,,25/01/2001,25,Female,,,,,,,
S1144,,,8005751979,Juhi Tiwari,,16/02/1999,27,Female,,,,,,,
S1145,,,7568026162,Manan Khandelwal,,24/01/2005,21,Male,,,,,,,
S1146,,,9630146809,Anushka Soni,,18/08/2008,18,Female,,,,,,,
S1147,,,8878246144,Guascak Singh,,09/11/2002,23,Male,,,,,,,
S1148,,,6350096962,Dhiraj Sharma,,15/03/1989,37,Male,,,,,,,
S1149,,,8630101578,Kunjal Singh,,08/09/2004,21,Female,,,,,,,
S1150,,,9660678051,Koushik Patidar,,26/03/2004,22,Male,,,,,,,
S1151,,,6203123934,Mohit Kumar,,27/12/2004,21,Male,,,,,,,
S1152,,,7014018033,Sameer Khan,,05/12/1998,27,Male,,,,,,,
S1153,,,9079832634,Yashfeen Ansari,,06/12/2003,22,Female,,,,,,,
S1154,,,9049093018,Sneha Verma,,01/01/1986,40,Female,,,,,,,
S1155,,,9506825336,Janesh Sharma,,06/12/2007,18,Male,,,,,,,
S1156,,,9664168040,Shabina Khan,,05/06/2000,26,Female,,,,,,,
S1157,,,8273210440,Esha,,21/07/2004,22,Female,,,,,,,
S1158,,,8058823775,Ankush Sapelia,,17/06/1992,34,Male,,,,,,,
S1159,,,8949233681,Rubina Ansari,,18/10/1988,37,Female,,,,,,,
S1160,,,7970323204,Arkam Imam,,15/05/2005,21,Male,,,,,,,
S1161,,,9119282668,Navnit Sharma,,15/10/1996,29,Male,,,,,,,
S1162,,,9770844852,Ankita Soni,,02/11/2006,19,Female,,,,,,,
S1163,,,6375751015,Rahul Chauhan,,04/06/2004,22,Male,,,,,,,
S1164,,,7070813675,Rohit M Kumar,,10/03/2005,21,Male,,,,,,,
S1165,,,8294358782,Shyam Jee,,21/02/2003,23,Male,,,,,,,
S1166,,,9680560876,Komal Meratha,,15/09/1995,30,Female,,,,,,,
S1167,,,9680210456,Vinita Kantiwal,,29/05/1910,116,Female,,,,,,,
S1168,,,7357016793,Muskan Nilofar,,01/06/2001,25,Female,,,,,,,
S1169,,,9649255999,Neelam Tatwal,,05/02/1988,38,Female,,,,,,,
S1170,,,9508766112,Pritam Kumar,,18/02/2003,23,Male,,,,,,,
S1171,,,7800464183,Kriti Mishra,,09/11/1993,32,Female,,,,,,,
S1172,,,9311024179,Hemant Yadav,,15/07/2007,19,Male,,,,,,,
S1173,,,9001535541,Deepanshu Chaudhany,,21/04/2001,25,Male,,,,,,,
S1174,,,7340064711,Meera Sharma,,19/12/1983,42,Female,,,,,,,
S1175,,,7340607440,Neha Jain,,02/01/2000,26,Female,,,,,,,
S1176,,,7014589476,Purnima Gandhi,,23/10/1991,34,Female,,,,,,,
S1177,,,8949345722,Sahil Ansari,,23/01/2000,26,Male,,,,,,,
S1178,,,9895954248,Joseph Francis,,14/08/1996,30,Male,,,,,,,
S1179,,,8386930182,Rukhsar Khan,,05/12/1999,26,Female,,,,,,,
S1180,,,7899154665,Swapnil,,24/03/1995,31,Female,,,,,,,
S1181,,,7089046645,Deepika Arora,,15/05/1985,41,Female,,,,,,,
S1182,,,9415119151,Suchita Kashyap,,09/02/2005,21,Female,,,,,,,
S1183,,,9799390098,Monika Singh,,22/06/1996,30,Female,,,,,,,
S1184,,,7427046684,Dr Deeksha Agrawal,,11/12/2003,22,Female,,,,,,,
S1185,,,7568401307,Pooja Jain,,17/05/1998,28,Female,,,,,,,
S1186,,,9608067677,Aisha Mumtaz,,07/03/2004,22,Female,,,,,,,
S1187,,,9828426687,Sandhya Ahuja,,18/12/1968,57,Female,,,,,,,
S1188,,,9413556436,Priyanka Chaudhary,,24/09/1993,32,Female,,,,,,,
S1189,,,9193262323,Rahul Bhunkal,,30/08/2006,19,Male,,,,,,,
S1190,,,9680136512,Vineet Yadav,,03/11/2001,24,Male,,,,,,,
S1191,,,9079096460,Mrs Yamini Nagar,,15/10/1988,37,Female,,,,,,,
S1192,,,7891748288,Yatiksha Sharma,,30/12/2023,2,Female,,,,,,,
S1193,,,8003428801,Avika Agarwal,,01/07/2010,16,Female,,,,,,,
S1194,,,9057255877,Priti Agarwal,,29/12/1980,45,Female,,,,,,,
S1195,,,9784674655,Khushbu Jain,,04/08/1996,30,Female,,,,,,,
S1196,,,8104748695,Chuna Ram,,15/08/2007,19,Male,,,,,,,
S1197,,,9257801466,Pawan Bishnoi,,02/02/2008,18,Male,,,,,,,
S1198,,,8829112575,Shivam Kasaudhan,,02/02/2007,19,Male,,,,,,,
S1199,,,7691740288,Dr Yatiksha Sharma,,16/08/1994,32,Female,,,,,,,
S1200,,,7970646416,Aditya Kumar,,05/02/2005,21,Male,,,,,,,
S1201,,,7742588627,Bidami,,05/05/1985,41,Female,,,,,,,
S1202,,,7484936884,Ayush Prasad Gupta,,20/03/2005,21,Male,,,,,,,
S1203,,,9555848590,Shashank Sonkar,,11/08/2005,21,Male,,,,,,,
S1204,,,8959568977,Abhishek Chauhan,,24/10/1999,26,Male,,,,,,,
S1205,,,9572721921,Wasim Raza,,15/11/2005,20,Male,,,,,,,
S1206,,,6200030079,Navin Kumar,,05/01/2008,18,Male,,,,,,,
S1207,,,8141792291,Soniya Goswani,,05/01/2024,2,Female,,,,,,,
S1208,,,8824870747,Dixita Gupta,,11/03/2000,26,Female,,,,,,,
S1209,,,9434168209,Asko Sarkar,,28/01/2008,18,Male,,,,,,,
S1210,,,9604949245,Om Ramesh Mehra,,12/11/2007,18,Male,,,,,,,
S1211,,,7050855179,Aditya Narayan,,05/06/2005,21,Male,,,,,,,
S1212,,,9828385312,Rekha Jain,,18/03/1976,50,Female,,,,,,,
S1213,,,7903108985,Uthkarsh Soni,,02/01/2009,17,Male,,,,,,,
S1214,,,8789220821,Arshil Khan,,06/01/2024,2,Female,,,,,,,
S1215,,,9325884244,Shieyash Sonaware,,26/07/2008,18,Male,,,,,,,
S1216,,,7744097710,Shirya R Sonaware,,07/07/2006,20,Female,,,,,,,
S1217,,,9834505139,Sonali Neh,,06/01/1987,39,Female,,,,,,,
S1218,,,6398110970,Harshit Mani,,17/10/2003,22,Male,,,,,,,
S1219,,,9490463263,Usman Eafee Hu,,26/11/2007,18,Male,,,,,,,
S1220,,,9569658314,Tanushree Shukla,,28/04/2004,22,Female,,,,,,,
S1221,,,7887252218,Jay Prakas Shukla,,01/01/2007,19,Male,,,,,,,
S1222,,,9106930517,Pushpa Kumari,,31/12/1969,56,Female,,,,,,,
S1223,,,8824835889,Nermal Soni,,18/06/1984,42,Female,,,,,,,
S1224,,,9521052488,Reetika Thakur,,07/11/2001,24,Female,,,,,,,
S1225,,,9828110675,Anil Jain,,21/11/2004,21,Male,,,,,,,
S1226,,,8899424904,Burhan Bashir,,05/09/2006,19,Male,,,,,,,
S1227,,,6377310516,Somta Meena,,15/08/1992,34,Female,,,,,,,
S1228,,,7977308124,Asma,,12/10/1992,33,Female,,,,,,,
S1229,,,,Mohd Aara,,21/08/1990,36,Male,,,,,,,
S1230,,,,Mohd Hayat Qadri,,21/04/2012,14,Male,,,,,,,
S1231,,,9920196093,Komal Meena,,10/12/2004,21,Female,,,,,,,
S1232,,,8434849794,Sanni Kumar,,21/01/2006,20,Male,,,,,,,
S1233,,,7425825932,Ashmita Gahlot,,09/01/1997,29,Female,,,,,,,
S1234,,,6355872457,Shah Aajad,,13/11/1999,26,Male,,,,,,,
S1235,,,8949945629,Pooja Gupta,,03/05/1997,29,Female,,,,,,,
S1236,,,8787661961,Sohal Akhtar,,06/03/2002,24,Male,,,,,,,
S1237,,,9214581484,Yashoda Suman,,07/07/1971,55,Female,,,,,,,
S1238,,,9351755135,Jyoti Jain,,09/01/1985,41,Female,,,,,,,
S1239,,,8547504910,Minshu Choudhary,,27/03/2010,16,Male,,,,,,,
S1240,,,9887007550,Ashok Jain,,09/01/2024,2,Male,,,,,,,
S1241,,,9799455948,Archana Rathor,,24/07/1998,28,Female,,,,,,,
S1242,,,8302852094,Sheikh Sana,,31/08/2000,25,Female,,,,,,,
S1243,,,9285186929,Shaheen Akhter,,14/04/1979,47,Female,,,,,,,
S1244,,,9935210170,Anita Agrahari,,09/01/1979,47,Female,,,,,,,
S1245,,,6387642609,Yashasir Agrahari,,08/02/2005,21,Female,,,,,,,
S1246,,,9836060013,Renu Laad,,20/06/1980,46,Female,,,,,,,
S1247,,,9836060013,Aastha Laad,,09/12/2003,22,Female,,,,,,,
S1248,,,9493842735,Jyoti Patel,,06/06/1985,41,Female,,,,,,,
S1249,,,8829930322,Poonam Singh,,11/11/1982,43,Female,,,,,,,
S1250,,,8829938328,Saket Singh,,25/08/2006,19,Male,,,,,,,
S1251,,,6200768547,Vandana Singh,,02/07/1986,40,Female,,,,,,,
S1252,,,9521815055,Nikita Jodha,,25/05/2006,20,Female,,,,,,,
S1253,,,9260905678,Gyatri Rajpura,,09/01/1967,59,Female,,,,,,,
S1254,,,8860643400,Neetu Sharma,,31/12/2003,22,Female,,,,,,,
S1255,,,9301109857,Girish,,24/03/1970,56,Male,,,,,,,
S1256,,,9785778259,Priyash Jain,,11/05/1991,35,Male,,,,,,,
S1257,,,7665041357,Kratika Gupta,,11/06/2002,24,Female,,,,,,,
S1258,,,9414662589,Priyanshi Jain,,30/12/2002,23,Female,,,,,,,
S1259,,,9460419301,Shikha Taparia,,04/04/1998,28,Female,,,,,,,
S1260,,,7726907645,Vaibhav Parita,,27/11/2004,21,Male,,,,,,,
S1261,,,6378168647,Diksha Sunan,,29/08/2000,25,Female,,,,,,,
S1262,,,9852326886,Rahim,,25/03/2003,23,Male,,,,,,,
S1263,,,8709786695,Rahul Singh Yadav,,29/10/2004,21,Male,,,,,,,
S1264,,,8604635719,Sunju Naryan Singh,,09/01/2009,17,Male,,,,,,,
S1265,,,8950826878,Manisha,,03/06/2003,23,Female,,,,,,,
S1266,,,9343390433,Sadhna Bais,,02/05/2004,22,Female,,,,,,,
S1267,,,7678635919,Ashutosh Sharma,,11/11/2002,23,Male,,,,,,,
S1268,,,8619116782,Disha Biniya,,28/11/2007,18,Female,,,,,,,
S1269,,,8306710629,Aakash,,12/04/2004,22,Male,,,,,,,
S1270,,,8299085502,Brajendra Kumar,,10/07/1981,45,Male,,,,,,,
S1271,,,7732894561,Jaya Gawaria,,14/09/1997,28,Female,,,,,,,
S1272,,,6264987055,Nandita Katakwar,,23/10/2000,25,Female,,,,,,,
S1273,,,8955337189,Arjun Choudhary,,21/02/1995,31,Male,,,,,,,
S1274,,,7014158812,Mahendra Kumar,,07/10/1984,41,Male,,,,,,,
S1275,,,8078601494,Gagan Sharma,,26/12/2004,21,Male,,,,,,,
S1276,,,7014213007,Akshobhya Sharma,,03/07/2007,19,Male,,,,,,,
S1277,,,9116770953,Rukhsar Bano,,12/12/1992,33,Female,,,,,,,
S1278,,,8441012138,Vasundhara Jha,,18/08/2002,24,Female,,,,,,,
S1279,,,8377076424,Nidhi Singh,,19/08/1992,34,Female,,,,,,,
S1280,,,7340091172,Anjali Vaishnav,,14/07/1999,27,Female,,,,,,,
S1281,,,9001017201,Ekta Meemroth,,23/11/1990,35,Female,,,,,,,
S1282,,,7024857120,Vinod Chandel,,08/08/1997,29,Male,,,,,,,
S1283,,,7014541439,Shail Bala,,02/06/1993,33,Female,,,,,,,
S1284,,,8619034362,Yashika Meena,,09/09/2004,21,Female,,,,,,,
S1285,,,7568454567,Anita Meena,,17/01/1987,39,Female,,,,,,,
S1286,,,8574501033,Varsha Singh,,07/08/1992,34,Female,,,,,,,
S1287,,,9321089098,Kavya Sonil,,02/09/1994,31,Female,,,,,,,
S1288,,,8826724757,Abhishek Dubey,,10/11/2002,23,Male,,,,,,,
S1289,,,9437377411,Yashaswi Kp Jena,,09/12/2007,18,Female,,,,,,,
S1290,,,6204000284,Nishika Kumari,,19/01/2005,21,Female,,,,,,,
S1291,,,8949650609,Soumya Nahta,,20/01/1999,27,Female,,,,,,,
S1292,,,9541892919,Shakir Shah,,10/06/2006,20,Male,,,,,,,
S1293,,,9413186352,Geeta Rani,,26/06/1972,54,Female,,,,,,,
S1294,,,9631022651,Rahul Kumar,,05/03/2001,25,Male,,,,,,,
S1295,,,8769350694,Kavita Meghwal,,25/05/2001,25,Female,,,,,,,
S1296,,,7877814518,Manisha Khinehi,,01/01/2005,21,Male,,,,,,,
S1297,,,6299950223,Sumit Kumar,,01/01/2005,21,Male,,,,,,,
S1298,,,7073596691,Josmin Bano,,22/01/2024,2,Female,,,,,,,
S1299,,,8854043340,Mehek,,22/01/2024,2,Female,,,,,,,
S1300,,,7728855299,Gurnoor,,20/09/1989,36,Female,,,,,,,
S1301,,,8239357821,Shubham Joshi To,,15/07/2000,26,Male,,,,,,,
S1302,,,7690028040,Tara Saxena,,30/04/1985,41,Female,,,,,,,
S1303,,,7019233192,Anjali Wadnwa,,22/05/1992,34,Female,,,,,,,
S1304,,,8503094255,Krishna Kumar,,12/12/1997,28,Male,,,,,,,
S1305,,,7014020754,Nitu Mehta,,31/12/1976,49,Female,,,,,,,
S1306,,,9818537049,Anshumala Jain,,07/07/1973,53,Female,,,,,,,
S1307,,,9829619720,Rahul Saxena,,13/09/1983,42,Male,,,,,,,
S1308,,,9430014786,Priyanka Gupta,,12/04/2002,24,Female,,,,,,,
S1309,,,8079067204,Priya Gautam,,12/02/1995,31,Female,,,,,,,
S1310,,,9610941022,Harshit Sen,,30/07/2000,26,Male,,,,,,,
S1311,,,7357211994,Isra Ameen,,05/05/2002,24,Female,,,,,,,
S1312,,,9351129658,Lakshita Seni,,24/04/2001,25,Female,,,,,,,
S1313,,,7976520772,Sunita Sharma,,01/07/1981,45,Female,,,,,,,
S1314,,,8559891405,Monali Bhathagar,,05/10/1992,33,Female,,,,,,,
S1315,,,9529083887,Madhu Agrawal,,30/01/1964,62,Male,,,,,,,
S1316,,,7028388604,Kajal Singh Tomav,,08/01/1997,29,Female,,,,,,,
S1317,,,9996604225,Jyoti,,05/04/1984,42,Female,,,,,,,
S1318,,,8560899626,Asha Devi,,04/05/1986,40,Female,,,,,,,
S1319,,,9887284629,Alka Vyas,,14/09/1994,31,Female,,,,,,,
S1320,,,8824319457,Seema Gupta,,18/10/1995,30,Female,,,,,,,
S1321,,,9928730405,Iliyas Khan,,01/08/1992,34,Male,,,,,,,
S1322,,,9351879618,Chetan Meena,,30/06/2001,25,Male,,,,,,,
S1323,,,9219312510,Dheeraj Kumar Pandey,,16/03/1998,28,Male,,,,,,,
S1324,,,8529236398,Pratisttha Ahuiya,,09/09/2002,23,Female,,,,,,,
S1325,,,8109941127,Archana Chaturvedi,,14/11/1996,29,Female,,,,,,,
S1326,,,9887235856,Anjali Saini,,09/01/1993,33,Female,,,,,,,
S1327,,,8005562036,Rohit Chauhan,,07/07/1994,32,Male,,,,,,,
S1328,,,9680219909,Ajay Pal,,21/02/2002,24,Male,,,,,,,
S1329,,,8003616116,Arpit Jain,,05/07/2000,26,Male,,,,,,,
S1330,,,9827816711,Shreya Nagle,,06/04/2004,22,Female,,,,,,,
S1331,,,8741899857,Anushi Soini,,30/08/2010,15,Female,,,,,,,
S1332,,,7879277480,Anshika Agrawal,,05/05/2005,21,Female,,,,,,,
S1333,,,8005541611,Rupa Kumari,,15/01/1985,41,Female,,,,,,,
S1334,,,8209539647,Parvej,,20/08/2008,18,Male,,,,,,,
S1335,,,8604293949,Harshit Jaiswal,,25/05/2005,21,Male,,,,,,,
S1336,,,9929282385,Reena Goutam,,17/03/1991,35,Female,,,,,,,
S1337,,,7891955497,Priyanka Vinayak,,19/03/1992,34,Female,,,,,,,
S1338,,,9119260787,Sonal Pareta,,26/01/2000,26,Female,,,,,,,
S1339,,,,Lalit Pareta,,07/11/1977,48,Female,,,,,,,
S1340,,,9631818363,Kamna Jha,,19/12/1981,44,Female,,,,,,,
S1341,,,,Mahreen Khan,,15/08/1994,32,Female,,,,,,,
S1342,,,9557720008,Anshika Bhargava,,11/09/2007,18,Female,,,,,,,
S1343,,,7992294828,Manju Jha,,02/10/1975,50,Female,,,,,,,
S1344,,,7992294828,Sagar Jha,,01/12/2006,19,Female,,,,,,,
S1345,,,8745009499,Sanju Yadav,,05/01/1982,44,Female,,,,,,,
S1346,,,9279476772,Pushpa Raj,,13/05/2005,21,Male,,,,,,,
S1347,,,8603620070,Aastha Srivastava,,01/02/2005,21,Female,,,,,,,
S1348,,,8696481181,Saloni Jain,,13/10/1997,28,Female,,,,,,,
S1349,,,7014770599,Adarsh Bala,,31/08/1980,45,Female,,,,,,,
S1350,,,8969666341,Aditya Kumar,,15/01/2006,20,Male,,,,,,,
S1351,,,8340438183,Amrita Bhati,,23/07/1998,28,Female,,,,,,,
S1352,,,7082675430,Savita Rani,,02/10/1981,44,Female,,,,,,,
S1353,,,9128791510,Priya Kumari,,25/05/2005,21,Female,,,,,,,
S1354,,,7352451506,Md Hassan,,10/04/2001,25,Male,,,,,,,
S1355,,,6200414003,Apoorva Azad,,05/12/2004,21,Female,,,,,,,
S1356,,,9636537350,Deepak Prajapati,,25/10/1992,33,Male,,,,,,,
S1357,,,8529491945,Rinky Jain,,05/07/1985,41,Female,,,,,,,
S1358,,,9763358560,Farhin Tazat,,14/10/1992,33,Female,,,,,,,
S1359,,,8239847467,Rajkuma Gocher,,05/05/1992,34,Male,,,,,,,
S1360,,,8209116806,Yogendar Shakyawalk,,13/08/1995,31,Male,,,,,,,
S1361,,,9216833741,Tanushee Sharma,,01/12/2000,25,Female,,,,,,,
S1362,,,8058107188,Muna Warunisa,,22/02/1976,50,Female,,,,,,,
S1363,,,9198002696,Sunny Mishra,,18/02/1989,37,Male,,,,,,,
S1364,,,8825153822,Jay Shankar Kumar,,20/09/2004,21,Male,,,,,,,
S1365,,,9529795058,Love Kumar,,18/11/1992,33,Male,,,,,,,
S1366,,,9050024179,Suman Yadav,,19/03/1987,39,Female,,,,,,,
S1367,,,7014539166,Vaishnavi Yadav,,17/06/1995,31,Female,,,,,,,
S1368,,,8905566408,Abhimanyu,,03/09/1992,33,Male,,,,,,,
S1369,,,9116163513,Ravi Raj,,15/08/1993,33,Male,,,,,,,
S1370,,,9610443922,Samiksha Nagar,,18/02/2024,2,Female,,,,,,,
S1371,,,9928883337,Shahid,,19/04/1990,36,Male,,,,,,,
S1372,,,7734059839,Santraj,,01/09/1996,29,Male,,,,,,,
S1373,,,739976220,Vivek Rishi,,11/11/1995,30,Male,,,,,,,
S1374,,,7632073844,Shivam Gupta,,03/03/2007,19,Male,,,,,,,
S1375,,,9527005793,Dr Gargi Durivedi,,21/03/1995,31,Female,,,,,,,
S1376,,,9509043660,Shanu Bano,,09/10/1982,43,Female,,,,,,,
S1377,,,9079970021,Benzeer Pathan,,18/07/1989,37,Female,,,,,,,
S1378,,,7089046645,Sanchi Chabra,,06/02/2013,13,Female,,,,,,,
S1379,,,8290082847,Shabnam Ansari,,05/05/1996,30,Female,,,,,,,
S1380,,,9987587965,Rahul Singh,,28/02/2002,24,Female,,,,,,,
S1381,,,7976833719,Dr Suman Meena Old,,24/02/2024,2,Female,,,,,,,
S1382,,,9518899768,Sakshi Kumari,,26/08/2006,19,Female,,,,,,,
S1383,,,8235374845,Nitish Kumar,,26/01/2008,18,Male,,,,,,,
S1384,,,9811143716,KS Hari Kumar,,11/01/1972,54,Male,,,,,,,
S1385,,,9691291466,Rabiya Parveen,,21/07/1988,38,Female,,,,,,,
S1386,,,8058843697,Abhishek Singhania,,14/11/2008,17,Male,,,,,,,
S1387,,,6377255349,Vaibhav Gurjar,,07/03/2006,20,Male,,,,,,,
S1388,,,8949945629,Priyanka Gupta,,19/11/1995,30,Female,,,,,,,
S1389,,,9079174726,Deepika Jain,,29/10/1989,36,Female,,,,,,,
S1390,,,6372057722,Shikhar Saxena,,22/01/1999,27,Male,,,,,,,
S1391,,,9414404041,Pradeep Saxena,,14/10/1960,65,Male,,,,,,,
S1392,,,9664095488,Nidhi Mitra,,06/03/1999,27,Female,,,,,,,
S1393,,,7742371569,Kiran Hada,,25/09/1994,31,Female,,,,,,,
S1394,,,9587230639,Neeraj Shivhare,,13/10/1999,26,Male,,,,,,,
S1395,,,9414520776,Vishm Sharna,,19/03/1975,51,Male,,,,,,,
S1396,,,9414520776,Hem Prabha,,30/06/1973,53,Female,,,,,,,
S1397,,,8603013915,Sweety Raj,,10/12/2005,20,Female,,,,,,,
S1398,,,9560267494,Karan Suryavashi,,04/09/2001,24,Male,,,,,,,
S1399,,,8650723455,Mandovi Jadoun,,09/08/1999,27,Female,,,,,,,
S1400,,,7737103377,Navroop Kaur,,25/01/2002,24,Female,,,,,,,
S1401,,,7014116387,Zarya Ali,,20/10/2002,23,Female,,,,,,,
S1402,,,9887949083,Tasveer Devi,,11/06/1987,39,Female,,,,,,,
S1403,,,9122938356,Nirbhay Kumar,,09/03/2007,19,Male,,,,,,,
S1404,,,7014116387,Famida Bano,,11/03/1982,44,Female,,,,,,,
S1405,,,7768869776,Baby,,03/03/1983,43,Female,,,,,,,
S1406,,,8619285006,Sakshi Durivedi,,17/06/1998,28,Female,,,,,,,
S1407,,,,Shimal,,11/03/2024,2,Female,,,,,,,
S1408,,,9216995597,Vishakha Nayak,,11/11/2003,22,Female,,,,,,,
S1409,,,9509755663,Firdaus,,20/09/1994,31,Female,,,,,,,
S1410,,,7828736047,Swetapadma Sahu,,14/01/1986,40,Female,,,,,,,
S1411,,,9636873144,Vasudha Chaturvedi,,18/07/1981,45,Female,,,,,,,
S1412,,,8423293849,Soumya Gupta,,16/03/2024,2,Female,,,,,,,
S1413,,,7972339835,Trupti Bedra,,13/08/2004,22,Female,,,,,,,
S1414,,,8933944397,Brijesh Gupta,,26/05/2000,26,Male,,,,,,,
S1415,,,9024970271,Neha Srivastav,,18/03/1988,38,Female,,,,,,,
S1416,,,9024970271,Manju Srivastav,,08/08/1954,72,Female,,,,,,,
S1417,,,,Rimple Dhanija,,18/03/2024,2,Female,,,,,,,
S1418,,,,Arvind Dhanija,,18/03/2024,2,Male,,,,,,,
S1419,,,6375029012,Garima Sharma,,11/08/2003,23,Female,,,,,,,
S1420,,,7014858113,Chirag Gupta,,11/01/2002,24,Male,,,,,,,
S1421,,,9772271649,Sonal Baghel,,10/07/2003,23,Female,,,,,,,
S1422,,,9057655454,Shalini Aswani,,28/01/1991,35,Female,,,,,,,
S1423,,,7970025989,Priyanh Agrawal,,22/08/2005,21,Male,,,,,,,
S1424,,,8399917459,Ankush Mazumdar,,10/12/2004,21,Male,,,,,,,
S1425,,,9983673777,Nikhlesh Nagar,,20/03/1994,32,Female,,,,,,,
S1426,,,7970025989,Saranya Patra,,24/11/2006,19,Female,,,,,,,
S1427,,,9555839956,Kshitiz Singh,,18/12/2001,24,Male,,,,,,,
S1428,,,7568312434,Kirti Kanak,,28/03/2024,2,Female,,,,,,,
S1429,,,7879763760,Yashika Yadav,,18/07/2007,19,Female,,,,,,,
S1430,,,7879763760,Rekha Yadav,,04/05/1983,43,Female,,,,,,,
S1431,,,9257353590,Anushka Singh,,24/02/2005,21,Female,,,,,,,
S1432,,,7976001182,Divya Singh,,25/11/1997,28,Female,,,,,,,
S1433,,,9414202548,Shakuntala Batra,,05/07/1966,60,Female,,,,,,,
S1434,,,9352747255,Nikita,,01/12/1986,39,Female,,,,,,,
S1435,,,9352747255,Ankita Sharma,,01/01/1996,30,Female,,,,,,,
S1436,,,9462353588,Naresh Kumar,,29/09/2003,22,Male,,,,,,,
S1437,,,9811143736,Aadinath Hari Kumar,,03/10/2010,15,Male,,,,,,,
S1438,,,6377837826,Divyanshu Avasthi,,14/06/2000,26,Male,,,,,,,
S1439,,,,Radha Soni,,03/04/1974,52,Female,,,,,,,
S1440,,,7726877883,Asma Rani,,03/10/1986,39,Female,,,,,,,
S1441,,,9462617768,Shama Ansari,,25/09/1997,28,Female,,,,,,,
S1442,,,7355060660,Sudhanshu Siuh,,12/12/1998,27,Male,,,,,,,
S1443,,,9837517751,Kashish,,31/08/2003,22,Female,,,,,,,
S1444,,,9216671132,Bhuvnesh,,14/04/1984,42,Male,,,,,,,
S1445,,,9001444735,Ramandeep,,05/04/2002,24,Female,,,,,,,
S1446,,,8079016281,Pooja Jain,,04/04/2001,25,Female,,,,,,,
S1447,,,9828953184,Kashish Pareta,,29/06/1991,35,Male,,,,,,,
S1448,,,9783601956,Cheena Sharma,,14/08/1995,31,Female,,,,,,,
S1449,,,7261047460,Kavita Kumari,,22/07/2005,21,Female,,,,,,,
S1450,,,9939348447,Srishti Kumari,,12/01/2004,22,Female,,,,,,,
S1451,,,9916349750,Ritu Vyas,,06/04/2024,2,Female,,,,,,,
S1452,,,7977242140,Abhishek Jorawal,,03/12/1996,29,Male,,,,,,,
S1453,,,9216973919,Pallavi Nemade,,12/03/1980,46,Female,,,,,,,
S1454,,,9887708799,Tanishq Sahu,,24/04/2009,17,Male,,,,,,,
S1455,,,9950567186,Priyanka Meena,,10/10/1990,35,Female,,,,,,,
S1456,,,7976169812,Neetu Sharma,,21/03/1983,43,Female,,,,,,,
S1457,,,7017165648,Ravi Kumar,,15/08/1998,28,Male,,,,,,,
S1458,,,6201337087,Rahmat Khan,,07/06/2007,19,Male,,,,,,,
S1459,,,7426993063,Farheen,,08/02/1996,30,Female,,,,,,,
S1460,,,9256148460,Ishika,,09/03/2002,24,Female,,,,,,,
S1461,,,8000562199,Priyanka Tulsani,,29/10/2006,19,Male,,,,,,,
S1462,,,9079633360,Riya Ladhwal,,22/06/2002,24,Female,,,,,,,
S1463,,,8505004311,Shanaj,,22/09/1977,48,Female,,,,,,,
S1464,,,8532968334,Sadaf Zaheer,,03/02/1989,37,Female,,,,,,,
S1465,,,7023052777,Abhishek Paliwal,,20/02/2000,26,Male,,,,,,,
S1466,,,7568084569,Shilpa Nagar,,21/04/1997,29,Female,,,,,,,
S1467,,,9610323208,Seema Nagar,,02/11/2020,5,Female,,,,,,,
S1468,,,8209048279,Harsha,,14/05/1991,35,Female,,,,,,,
S1469,,,9462750966,Chesta Diwakar,,07/08/1994,32,Female,,,,,,,
S1470,,,7007729593,Aditya Kumar,,07/04/2005,21,Male,,,,,,,
S1471,,,7339746815,Akshay Kumar,,23/11/1998,27,Male,,,,,,,
S1472,,,8090346807,Abhishek Pandey,,17/04/2024,2,Male,,,,,,,
S1473,,,9785153622,Hemakshi Yadav,,15/03/1992,34,Female,,,,,,,
S1474,,,8741850914,Sarvam Mahawar,,03/05/1991,35,Male,,,,,,,
S1475,,,8764001693,Venuka Sunam,,27/12/1993,32,Female,,,,,,,
S1476,,,9413001801,Jaya Dwvedi,,22/02/1971,55,Female,,,,,,,
S1477,,,9685490588,Mrs Tarannum,,08/06/1980,46,Female,,,,,,,
S1478,,,6367166119,Samya Chaudhary,,13/02/2006,20,Female,,,,,,,
S1479,,,8433816099,Prashant Saxena,,16/08/1991,35,Male,,,,,,,
S1480,,,7073569888,Arshiya,,26/10/2004,21,Female,,,,,,,
S1481,,,9413651296,Kamna Dhakar,,30/11/1982,43,Female,,,,,,,
S1482,,,9680835695,Mohit Parwani,,21/10/1994,31,Male,,,,,,,
S1483,,,9672912016,Jiya Ahuja,,08/08/2004,22,Female,,,,,,,
S1484,,,8619680300,Anmol Saxena,,20/03/1995,31,Female,,,,,,,
S1485,,,8949377899,Sohal Khan,,01/04/2002,24,Male,,,,,,,
S1486,,,8949377899,Nargis Khan,,05/06/1975,51,Female,,,,,,,
S1487,,,9981521667,Gurnoov Singh,,05/09/2005,20,Male,,,,,,,
S1488,,,9828537889,Shreshtha Agrawal,,23/04/1992,34,Male,,,,,,,
S1489,,,7389195718,Jaishal Patel,,26/08/2007,18,Male,,,,,,,
S1490,,,7230955501,Rashmeen Anand,,24/04/1998,28,Female,,,,,,,
S1491,,,8005771158,Teena Jain,,04/01/1985,41,Female,,,,,,,
S1492,,,8080258119,Farhat Khan,,14/11/1985,40,Female,,,,,,,
S1493,,,8107382594,Maya Yadav,,27/04/1978,48,Female,,,,,,,
S1494,,,9352347150,Neha Saini,,21/12/2000,25,Female,,,,,,,
S1495,,,9784572301,Lalit Sondtiya,,01/01/1995,31,Male,,,,,,,
S1496,,,8302825835,Lokesh Meena,,11/03/1997,29,Male,,,,,,,
S1497,,,8290118014,Harshita Yadav,,12/05/1997,29,Female,,,,,,,
S1498,,,9875075750,Preeti Arora,,04/11/1996,29,Female,,,,,,,
S1499,,,9907216588,Ayush Das,,13/12/2005,20,Male,,,,,,,
S1500,,,9829856081,Shikha Khatry,,27/04/1998,28,Female,,,,,,,
S1501,,,8718878039,Rubina Khan,,07/05/1995,31,Female,,,,,,,
S1502,,,6377399464,Somya Bano,,06/06/2007,19,Female,,,,,,,
S1503,,,8003266646,Rk Suman,,15/07/1987,39,Male,,,,,,,
S1504,,,7877109365,Osheen Ansari,,19/11/2001,24,Female,,,,,,,
S1505,,,9549028966,Vaishali Rajput,,13/12/2000,25,Female,,,,,,,
S1506,,,7306432624,Somesh Uniyal,,16/09/1996,29,Male,,,,,,,
S1507,,,7014978726,Pranjal Bhojak,,06/01/1999,27,Male,,,,,,,
S1508,,,9631680670,Abhishek Singh,,28/04/2006,20,Male,,,,,,,
S1509,,,9881650521,Jyoti Kulkarni,,07/07/1987,39,Female,,,,,,,
S1510,,,9649641555,Sakshi Jain,,26/11/1989,36,Female,,,,,,,
S1511,,,8209848822,Ritika Asnani,,23/09/1998,27,Female,,,,,,,
S1512,,,9142549363,Raj Kumar,,22/09/2006,19,Male,,,,,,,
S1513,,,9414180002,Koshal Khandalwal,,01/05/1977,49,Male,,,,,,,
S1514,,,6370932594,Gourav Saxena,,17/04/1988,38,Male,,,,,,,
S1515,,,8058875877,Dilip Nagar,,10/10/1999,26,Male,,,,,,,
S1516,,,7976429364,Pranjal Sharma,,31/08/2000,25,Male,,,,,,,
S1517,,,6367080043,Dilraj Meena,,02/07/2003,23,Male,,,,,,,
S1518,,,7999781698,Anamika Garg,,23/12/2004,21,Female,,,,,,,
S1519,,,6377450528,Neha Goyal,,06/03/1998,28,Female,,,,,,,
S1520,,,7062432493,Poonam Garg,,15/02/1997,29,Female,,,,,,,
S1521,,,7976495001,Lucky Jagider,,07/12/2005,20,Male,,,,,,,
S1522,,,9587930311,Reena Panchal,,16/08/1982,44,Female,,,,,,,
S1523,,,9602643383,Ritesh Yadav,,10/10/1989,36,Male,,,,,,,
S1524,,,9251888877,Heena Khanam,,29/11/1991,34,Male,,,,,,,
S1525,,,8935986863,Vishnu Kumar,,15/08/2007,19,Male,,,,,,,
S1526,,,9680107000,Seema Meena,,02/11/1987,38,Female,,,,,,,
S1527,,,6287366748,Aryan Yadav,,10/10/2003,22,Male,,,,,,,
S1528,,,9093895882,Saikat Subhra Samantar,,12/10/2004,21,Male,,,,,,,
S1529,,,9460482783,Faizan,,29/04/1998,28,Male,,,,,,,
S1530,,,9831790066,Partho,,07/05/2024,2,Male,,,,,,,
S1531,,,9351828337,Nikita Chouhan,,01/12/1994,31,Female,,,,,,,
S1532,,,9079270426,Priya Dhanoriya,,18/08/1995,31,Female,,,,,,,
S1533,,,7976830738,Deepti Patel,,23/11/1998,27,Female,,,,,,,
S1534,,,8890475526,Ritika Gupta,,08/03/1999,27,Female,,,,,,,
S1535,,,8302963917,Bhawna Suman,,28/01/1997,29,Female,,,,,,,
S1536,,,7340635677,Vaibhav Sharma,,11/12/2000,25,Male,,,,,,,
S1537,,,9216941166,Ananya Mishra,,27/05/2007,19,Female,,,,,,,
S1538,,,8058570000,Jay Meena,,22/02/1990,36,Male,,,,,,,
S1539,,,9928575544,Yashwanti Gautam,,09/09/1997,28,Female,,,,,,,
S1540,,,6367249015,Jyoti Patel,,18/08/2004,22,Female,,,,,,,
S1541,,,8901186414,Aditya Singh,,25/03/2008,18,Male,,,,,,,
S1542,,,7073825288,Salina Khan,,17/05/1998,28,Female,,,,,,,
S1543,,,7878276805,Naveera Javed,,12/08/2002,24,Female,,,,,,,
S1544,,,8005823157,Dr Sandiya,,24/07/1994,32,Female,,,,,,,
S1545,,,9509327924,Ayushi,,08/08/1999,27,Female,,,,,,,
S1546,,,7891604553,Yogesh Soni,,21/10/1997,28,Male,,,,,,,
S1547,,,7424838623,Pooja Ora,,17/05/2024,2,Female,,,,,,,
S1548,,,9928758623,Ritu Shrivastav,,12/09/1998,27,Female,,,,,,,
S1549,,,9439035602,Baneja Basini,,20/05/1958,68,Female,,,,,,,
S1550,,,9001506977,Navya Agarwal,,16/03/2009,17,Female,,,,,,,
S1551,,,9358833171,Aditya Jain,,20/05/2007,19,Male,,,,,,,
S1552,,,7976643103,Komal,,05/11/1990,35,Female,,,,,,,
S1553,,,7008668192,Adyasa,,08/06/2007,19,Female,,,,,,,
S1554,,,7008668192,Bijayiri Bal,,20/05/1983,43,Female,,,,,,,
S1555,,,9102294761,Suman Kumar,,12/06/2004,22,Male,,,,,,,
S1556,,,9996661694,Rhythm,,09/06/1995,31,Female,,,,,,,
S1557,,,9829590487,Vishal Joshi,,05/08/1992,34,Male,,,,,,,
S1558,,,8890253522,Sonal Meena,,26/08/1983,42,Female,,,,,,,
S1559,,,6377768948,Nikita Dixit,,29/05/1992,34,Female,,,,,,,
S1560,,,7987334027,Disha Kumar,,25/08/2004,21,Female,,,,,,,
S1561,,,6266471239,Nitya Kumar,,26/01/2007,19,Female,,,,,,,
S1562,,,9340510660,Premlata Kumar,,08/04/1984,42,Female,,,,,,,
S1563,,,6261913271,Pavan Meena,,06/08/1999,27,Male,,,,,,,
S1564,,,9263588790,Zaid Ali,,02/09/2004,21,Male,,,,,,,
S1565,,,8875942240,Mehzbi Khan,,05/09/1990,35,Female,,,,,,,
S1566,,,9460339259,Jagdish Changeriwal,,08/06/1984,42,Male,,,,,,,
S1567,,,9664427553,Raju Meena,,20/08/2001,25,Male,,,,,,,
S1568,,,9717196745,Vipin Pandey,,27/09/1983,42,Male,,,,,,,
S1569,,,7665012640,Madhuri Paliwal,,30/07/1994,32,Female,,,,,,,
S1570,,,9881650521,Ayush Manoj Kulkarni,,30/09/2009,16,Male,,,,,,,
S1571,,,6376354992,Pradeep Kumar,,12/04/1999,27,Male,,,,,,,
S1572,,,7850075392,Sana Ali,,23/12/2002,23,Female,,,,,,,
S1573,,,8789136966,Anshu Rani,,10/06/2004,22,Male,,,,,,,
S1574,,,9057510083,Suraj Singh Jhala,,06/02/2000,26,Male,,,,,,,
S1575,,,8619091121,Ritu Maheshwari,,30/04/1979,47,Female,,,,,,,
S1576,,,6377424141,Parveen Koasar,,11/10/1993,32,Female,,,,,,,
S1577,,,9303469376,Rudraksh Patel,,06/06/2007,19,Male,,,,,,,
S1578,,,9602660821,Priyanka Nama,,09/11/1994,31,Female,,,,,,,
S1579,,,7597078615,Bushra Ansari,,07/07/1995,31,Female,,,,,,,
S1580,,,8079028106,Anita Mahavar,,01/01/1986,40,Female,,,,,,,
S1581,,,7073639050,Jaya Yadav,,02/07/2000,26,Female,,,,,,,
S1582,,,8800460704,Dolly Singh,,31/10/1992,33,Female,,,,,,,
S1583,,,9413004574,Divya Vyas,,03/03/1998,28,Female,,,,,,,
S1584,,,7877018764,Ajay Verma,,30/11/1998,27,Male,,,,,,,
S1585,,,9950694831,Brijmohanaa Lodha,,22/06/2003,23,Male,,,,,,,
S1586,,,7999780053,Tabassum Begam,,02/02/1984,42,Female,,,,,,,
S1587,,,9413342382,Manish Kumar,,07/01/1982,44,Male,,,,,,,
S1588,,,9470899934,Navneet Nama,,22/06/2007,19,Male,,,,,,,
S1589,,,9829093122,Alka Panwar,,15/11/1994,31,Female,,,,,,,
S1590,,,9950299994,Jagrati Singh,,04/09/1988,37,Female,,,,,,,
S1591,,,7849848125,Kritika Sisodiya,,16/05/1997,29,Female,,,,,,,
S1592,,,8107712000,Aasha Kholiya,,26/06/1983,43,Female,,,,,,,
S1593,,,6377130495,Govind Kumar,,26/06/2004,22,Male,,,,,,,
S1594,,,7828732500,Pawandeep Singh,,26/06/2006,20,Male,,,,,,,
S1595,,,9575432222,Rajni Rajput,,12/06/1989,37,Female,,,,,,,
S1596,,,7597284533,Surbhi Khandelwal,,20/04/1994,32,Female,,,,,,,
S1597,,,9910765401,Ishu Yadav,,03/03/2004,22,Female,,,,,,,
S1598,,,8290209911,Vinod Vyas,,23/08/1998,28,Male,,,,,,,
S1599,,,9301837150,Shrishti,,14/05/1994,32,Female,,,,,,,
S1600,,,8239848705,Pawan Verma,,14/03/2000,26,Male,,,,,,,
S1601,,,6376611926,Shreya Shaurya,,25/06/2007,19,Female,,,,,,,
S1602,,,8619215210,Purvi Sharma,,29/06/1990,36,Female,,,,,,,
S1603,,,8003479341,Rashmi Dadhich,,19/11/1998,27,Female,,,,,,,
S1604,,,8854874020,Maina Devi,,20/08/2004,22,Female,,,,,,,
S1605,,,8949179829,Naresh Kumar,,24/08/1996,29,Male,,,,,,,
S1606,,,8084707892,Anuradha Shaurya,,01/07/1976,50,Female,,,,,,,
S1607,,,7976630518,Ayush Yadav,,15/07/2007,19,Male,,,,,,,
S1608,,,9784024784,Mohit Saxena,,01/09/1985,40,Male,,,,,,,
S1609,,,7999780053,Tahzeeb Nisha,,27/09/2008,17,Female,,,,,,,
S1610,,,9752385469,Neeraj Malviya,,04/12/2005,20,Male,,,,,,,
S1611,,,9610271251,Virendra,,14/10/2003,22,Male,,,,,,,
S1612,,,9557720808,Ansh Bhargava,,21/10/2013,12,Male,,,,,,,
S1613,,,7374964223,Hari Narayan Kumawat,,13/04/2006,20,Male,,,,,,,
S1614,,,8003851931,Amishi Jain,,13/06/2009,17,Female,,,,,,,
S1615,,,9122977763,Naitik Raj,,25/10/2005,20,Male,,,,,,,
S1616,,,6264669749,Shrishti Singh,,02/04/2004,22,Female,,,,,,,
S1617,,,9079141178,Teena Suman,,12/12/1996,29,Female,,,,,,,
S1618,,,9608957813,Charu Kumari,,14/03/2002,24,Female,,,,,,,
S1619,,,9214301414,Bhauwari Chaudhary,,12/05/1985,41,Female,,,,,,,
S1620,,,9165555909,Aayushi Singh,,25/05/1998,28,Female,,,,,,,
S1621,,,9149668878,Ranjit Singh,,01/04/1987,39,Male,,,,,,,
S1622,,,9155154016,Aayush Kumar,,18/04/2006,20,Male,,,,,,,
S1623,,,8905890367,Namrata Sharma,,28/07/1988,38,Female,,,,,,,
S1624,,,9165465599,Suvigya Singh,,20/12/2006,19,Female,,,,,,,
S1625,,,9165465599,Sarita Singh,,08/10/1980,45,Female,,,,,,,
S1626,,,9460493934,Rashmi Rathore,,15/01/1971,55,Female,,,,,,,
S1627,,,6375081156,Muskan Bi,,08/07/1998,28,Female,,,,,,,
S1628,,,9302489749,Krishankant Tiwari,,29/01/2006,20,Male,,,,,,,
S1629,,,7668264301,Vanshika,,20/12/2003,22,Female,,,,,,,
S1630,,,9905726747,Sandhya Bharti,,30/10/2004,21,Female,,,,,,,
S1631,,,8823805514,Sneha Tiwari,,16/04/2006,20,Female,,,,,,,
S1632,,,9309376087,Ruchi Sendhi,,22/12/1988,37,Female,,,,,,,
S1633,,,9369160472,Junaid Khan,,13/03/2006,20,Male,,,,,,,
S1634,,,9664148138,Shruti Shrivastav,,07/09/1997,28,Female,,,,,,,
S1635,,,9680295530,Niresh Grover,,19/12/1987,38,Male,,,,,,,
S1636,,,9784689029,Yash Kumar,,04/07/2005,21,Male,,,,,,,
S1637,,,8168009014,Lakshay Verma,,26/01/2007,19,Male,,,,,,,
S1638,,,9179306582,Rakshit Patidar,,29/08/2006,19,Male,,,,,,,
S1639,,,9933526162,Yashika Gupta,,16/07/2024,2,Female,,,,,,,
S1640,,,9521747715,Bhanu Pratap Singh,,26/12/2000,25,Male,,,,,,,
S1641,,,8601172251,Rizwan Ahmad,,02/07/2000,26,Male,,,,,,,
S1642,,,7891489321,Pramila,,26/02/1986,40,Female,,,,,,,
S1643,,,6377231981,Mandeep Singh,,28/04/1995,31,Male,,,,,,,
S1644,,,7597282094,Aditi Meena,,20/02/1999,27,Female,,,,,,,
S1645,,,9024133004,Yukta Jha,,14/11/1996,29,Female,,,,,,,
S1646,,,9571377188,Ayushi Paliwal,,15/02/2000,26,Female,,,,,,,
S1647,,,8863052111,Priyanshu Raj,,04/01/2006,20,Male,,,,,,,
S1648,,,7209204110,Almen Faria,,28/01/2008,18,Female,,,,,,,
S1649,,,6269850604,Niti Bakhla,,25/11/2005,20,Female,,,,,,,
S1650,,,8917783823,Rahul Yadav,,02/08/2006,20,Male,,,,,,,
S1651,,,9571892787,Manan Gour,,11/06/2002,24,Male,,,,,,,
S1652,,,9460237141,Roopesh Kumar,,02/08/1974,52,Male,,,,,,,
S1653,,,8955465994,Pritam Kedia,,27/08/2006,19,Male,,,,,,,
S1654,,,6287521166,Harshita,,15/10/2004,21,Female,,,,,,,
S1655,,,9673257744,Shilpa Sharma,,19/09/1979,46,Female,,,,,,,
S1656,,,6378171889,Himanshi Singh,,03/05/2006,20,Female,,,,,,,
S1657,,,9567016380,Dr Neethu Krishna,,04/03/1995,31,Female,,,,,,,
S1658,,,9436588678,Sunil Sharma,,29/07/1990,36,Male,,,,,,,
S1659,,,9673257744,Ishan,,14/10/2008,17,Male,,,,,,,
S1660,,,7014003610,Himanshu Sadhwani,,29/06/1988,38,Male,,,,,,,
S1661,,,9149968867,Ranjit Singh,,02/12/1996,29,Male,,,,,,,
S1662,,,9001619207,Yashaswani Singh,,13/11/2009,16,Female,,,,,,,
S1663,,,9001619207,Edha,,20/03/2014,12,Female,,,,,,,
S1664,,,9648487826,Rashmi,,18/02/1994,32,Female,,,,,,,
S1665,,,8696127027,Kashish Hirani,,15/08/1986,40,Female,,,,,,,
S1666,,,9305879186,Renu Singh,,21/06/1993,33,Female,,,,,,,
S1667,,,9305879186,Ram Janki Singh,,29/07/1964,62,Female,,,,,,,
S1668,,,8054636693,Puja Mishra,,09/01/1987,39,Female,,,,,,,
S1669,,,9460224115,Laxmi Meghwani,,05/03/1961,65,Female,,,,,,,
S1670,,,9646673552,Manish Mishra,,15/01/1987,39,Male,,,,,,,
S1671,,,7505881098,Love Agarwal,,10/10/2005,20,Male,,,,,,,
S1672,,,8504978783,Suman Dhakad,,01/01/1990,36,Female,,,,,,,
S1673,,,7607821356,Vishal Patwa,,30/10/2003,22,Male,,,,,,,
S1674,,,8319786213,Taresh Tandan,,23/11/2003,22,Male,,,,,,,
S1675,,,9798514572,Ravi Singh,,23/12/2005,20,Male,,,,,,,
S1676,,,8233943089,Vibhuti Jain,,20/05/2004,22,Female,,,,,,,
S1677,,,7879034750,Pihu Jain,,06/10/2012,13,Female,,,,,,,
S1678,,,8319866961,Dipika Kushwah,,18/02/1988,38,Female,,,,,,,
S1679,,,9011072329,Shradha Jadhav,,05/08/2024,2,Male,,,,,,,
S1680,,,8239583386,Garima Sharma,,14/12/1996,29,Female,,,,,,,
S1681,,,6377855483,Lalit Kumar,,03/02/2006,20,Male,,,,,,,
S1682,,,7062773811,Farheen I Ahmed,,26/10/1997,28,Female,,,,,,,
S1683,,,7599278976,Pooja Samanat,,02/12/2001,24,Female,,,,,,,
S1684,,,9099920831,Manisha Nemavat,,03/06/1979,47,Female,,,,,,,
S1685,,,7302625559,Mrs Pallavi Choudhri,,09/09/1983,42,Female,,,,,,,
S1686,,,8957885278,Aditya Narayan,,17/09/2005,20,Male,,,,,,,
S1687,,,9672636202,Haseena Khan,,09/07/2002,24,Male,,,,,,,
S1688,,,8630997554,Samanth,,11/09/2006,19,Male,,,,,,,
S1689,,,9818650584,Darshan Chauhan,,09/06/1996,30,Male,,,,,,,
S1690,,,8306281962,Mahak Raghuwanshi,,13/07/2005,21,Female,,,,,,,
S1691,,,7976746057,Leena Chandwani,,05/10/1973,52,Female,,,,,,,
S1692,,,8741056951,Vinita,,10/09/1994,31,Female,,,,,,,
S1693,,,9414202548,Vaishali Batra,,16/06/1984,42,Female,,,,,,,
S1694,,,8107853263,Anuyogi Rathor,,01/11/1998,27,Female,,,,,,,
S1695,,,8503037413,Deepak Kumar,,15/06/1995,31,Male,,,,,,,
S1696,,,9826198171,Bhagyashree Rathore,,09/06/1990,36,Female,,,,,,,
S1697,,,9462344590,Vaibhavi Khandelwal,,13/09/1998,27,Female,,,,,,,
S1698,,,7976173712,Vasundhara Gochar,,18/10/1993,32,Female,,,,,,,
S1699,,,9981417732,Prerna Agrawal,,04/04/1985,41,Female,,,,,,,
S1700,,,6376514325,Arpita Shakwal,,07/01/2003,23,Female,,,,,,,
S1701,,,7440732959,Chetan,,06/08/2004,22,Male,,,,,,,
S1702,,,8058169112,Anjuman Shaheen,,29/12/1992,33,Female,,,,,,,
S1703,,,7905115796,Jaspreet,,19/08/1997,29,Female,,,,,,,
S1704,,,9109679580,Rudra Mishra,,21/10/2006,19,Male,,,,,,,
S1705,,,8306741974,Khushi Nagpal,,21/10/2005,20,Female,,,,,,,
S1706,,,9958920105,Mamta,,26/08/1984,41,Female,,,,,,,
S1707,,,9079270016,Aadil Khan,,02/10/2000,25,Male,,,,,,,
S1708,,,8585005139,Manali Roy,,26/04/1999,27,Female,,,,,,,
S1709,,,8690860087,Vimlesh Name,,01/01/1982,44,Male,,,,,,,
S1710,,,7736373170,Dr Nikita Dasan,,22/05/1989,37,Female,,,,,,,
S1711,,,7705045729,Mohammad Noman,,30/08/2007,18,Male,,,,,,,
S1712,,,9352099379,Saman Roz,,21/11/2000,25,Female,,,,,,,
S1713,,,9950530311,Riya Agarwal,,29/05/1996,30,Female,,,,,,,
S1714,,,7007369041,Akash Shukla,,19/10/2002,23,Male,,,,,,,
S1715,,,8005501729,Palak Nandini Lalawat,,31/01/2005,21,Female,,,,,,,
S1716,,,8541877744,Amritanshu Bhushan,,06/05/2006,20,Male,,,,,,,
S1717,,,9828543048,Ritu Banani,,11/12/1993,32,Female,,,,,,,
S1718,,,9410020602,Rekha Chaturvedi,,04/03/1973,53,Female,,,,,,,
S1719,,,7737831729,Roshni Sharma,,22/10/1995,30,Female,,,,,,,
S1720,,,9021874158,Paridha Gedan,,21/06/2007,19,Female,,,,,,,
S1721,,,8619904322,Charu Shree,,25/06/1994,32,Female,,,,,,,
S1722,,,8690046886,Naha Parvin,,10/07/1997,29,Female,,,,,,,
S1723,,,6398243486,Krishna,,08/12/2004,21,Male,,,,,,,
S1724,,,9653728348,Sangam Gupta,,29/05/1997,29,Female,,,,,,,
S1725,,,7014097344,Mannu Pandey,,23/09/1986,39,Female,,,,,,,
S1726,,,9352498227,Shivani Wadhwa,,18/01/1996,30,Female,,,,,,,
S1727,,,9799937786,Arman Malik,,09/09/1994,31,Male,,,,,,,
S1728,,,6269427281,Khushi Raghuwanshi,,08/02/2006,20,Female,,,,,,,
S1729,,,9636939215,Arjun Prajapati,,14/10/2005,20,Male,,,,,,,
S1730,,,9905346468,Abhinav Kumar,,06/07/2008,18,Male,,,,,,,
S1731,,,9569077843,Naitik Verma,,03/09/2006,19,Male,,,,,,,
S1732,,,9057509746,Pari Shroff,,17/12/1995,30,Female,,,,,,,
S1733,,,8107593732,Naziya Ali,,07/09/1992,33,Female,,,,,,,
S1734,,,9958479594,Malvika Ahuja,,04/01/1991,35,Female,,,,,,,
S1735,,,9065898209,Harshita,,19/02/2004,22,Female,,,,,,,
S1736,,,9569077843,Amisha Verma,,05/08/2000,26,Female,,,,,,,
S1737,,,8302024159,Tanvi Jain,,31/08/1995,30,Female,,,,,,,
S1738,,,9414358238,Akshay Oswal,,24/05/1996,30,Male,,,,,,,
S1739,,,9983457909,Kanti Lal Choudhary,,02/08/2002,24,Male,,,,,,,
S1740,,,9352623131,Pallavi Raonk,,09/08/1986,40,Female,,,,,,,
S1741,,,8005502455,Sanjay Singh,,15/07/1994,32,Male,,,,,,,
S1742,,,9269083593,Uzra Prveen,,13/09/1985,40,Female,,,,,,,
S1743,,,9352583586,Sadiya Khan,,09/09/2004,21,Female,,,,,,,
S1744,,,9157112811,Samrat Yadav,,02/07/2007,19,Male,,,,,,,
S1745,,,9904657264,Pinki,,25/12/1994,31,Female,,,,,,,
S1746,,,8690904747,Shorya Pareta,,24/11/2002,23,Male,,,,,,,
S1747,,,9145901669,Jyoti Nayat,,10/07/2000,26,Female,,,,,,,
S1748,,,6350069401,Dr Rohit Nagar,,02/05/1998,28,Male,,,,,,,
S1749,,,7877017017,Mahek Wadhwa,,22/03/1997,29,Female,,,,,,,
S1750,,,8102629078,Ayush,,29/05/2007,19,Male,,,,,,,
S1751,,,9926002478,Prince Pal Singh,,10/05/2007,19,Male,,,,,,,
S1752,,,7375907409,Divya Singh Rathor,,20/03/1998,28,Female,,,,,,,
S1753,,,8529085679,Jyotsona Singh,,13/06/1995,31,Male,,,,,,,
S1754,,,7375907409,Vijay Laxmi Rathore,,13/09/1994,31,Female,,,,,,,
S1755,,,7878988926,Anshuman Singh,,19/02/2002,24,Male,,,,,,,
S1756,,,9352716940,Payal Chauhan,,28/01/1991,35,Female,,,,,,,
S1757,,,8073381470,Abhishek,,18/07/2007,19,Male,,,,,,,
S1758,,,7985098329,Priyanka Pandey,,13/09/1985,40,Female,,,,,,,
S1759,,,8875259528,Dr Kartika Nagar,,27/12/1992,33,Female,,,,,,,
S1760,,,9166563245,Santosh Gupta,,30/04/1988,38,Male,,,,,,,
S1761,,,7426074260,Preeti,,15/05/1993,33,Female,,,,,,,
S1762,,,9668440555,Kulsum,,15/01/2003,23,Female,,,,,,,
S1763,,,8107784371,Aryan,,29/08/2000,25,Male,,,,,,,
S1764,,,8058305520,Jay Aadilya,,25/09/1994,31,Male,,,,,,,
S1765,,,8989418501,Pratibha,,17/02/1984,42,Female,,,,,,,
S1766,,,8005862036,Priya Chauhan,,02/06/1997,29,Female,,,,,,,
S1767,,,8875529886,Hritika Ojha,,16/09/2024,1,Female,,,,,,,
S1768,,,8920421511,Muskan,,21/10/2005,20,Female,,,,,,,
S1769,,,8092910614,Manish Kumar,,28/01/2006,20,Male,,,,,,,
S1770,,,7067735127,Romil Prasad,,09/11/2006,19,Male,,,,,,,
S1771,,,7734877349,Aaliya,,27/09/1998,27,Female,,,,,,,
S1772,,,9420917029,Aditya,,31/08/2012,13,Male,,,,,,,
S1773,,,8829942699,Dr Khusboo Talreja,,12/09/1987,38,Female,,,,,,,
S1774,,,9461358525,Barkha Arvind,,28/12/1982,43,Female,,,,,,,
S1775,,,8888441366,Ayesha Mulani,,05/10/1992,33,Female,,,,,,,
S1776,,,9782556370,Alka Meena,,08/08/1988,38,Female,,,,,,,
S1777,,,6296037566,Pampa Maity,,26/08/1981,44,Female,,,,,,,
S1778,,,9785021333,Javed Aalam Khan,,18/09/1994,31,Male,,,,,,,
S1779,,,6367431648,Nitin Nagar,,25/12/2004,21,Male,,,,,,,
S1780,,,8223913897,Divya Jangid,,26/08/2024,1,Female,,,,,,,
S1781,,,9664181158,Pranjali Khandelwal,,20/07/1995,31,Female,,,,,,,
S1782,,,8005614876,Muskan Ambwani,,24/01/2000,26,Female,,,,,,,
S1783,,,9049691173,Swayam Hadape,,18/09/2014,11,Male,,,,,,,
S1784,,,9636145541,Shreya Chaudhary,,30/06/1980,46,Female,,,,,,,
S1785,,,9079920719,Pooja Bharawaj,,11/11/1999,26,Female,,,,,,,
S1786,,,8875791368,Renu Malav,,05/03/1991,35,Female,,,,,,,
S1787,,,6377462487,Pooja Meena,,30/10/1999,26,Female,,,,,,,
S1788,,,6395584657,Shatakshi Johari,,26/04/2007,19,Female,,,,,,,
S1789,,,9927166678,Yadid Arya,,21/05/2008,18,Male,,,,,,,
S1790,,,9529195069,Rashmi Lakhotia,,03/10/1980,45,Female,,,,,,,
S1791,,,7068308163,Anita Pathak,,10/01/1977,49,Female,,,,,,,
S1792,,,8529219066,Arnav Jain,,20/04/2007,19,Male,,,,,,,
S1793,,,7458037286,Abhay Chauhan,,30/10/2004,21,Male,,,,,,,
S1794,,,9509898126,Khushi Baphna,,24/02/1995,31,Female,,,,,,,
S1795,,,9462434004,Yasmeen,,26/01/1972,54,Female,,,,,,,
S1796,,,6350661089,Ramchandra Dadi,,01/01/2007,19,Male,,,,,,,
S1797,,,7737412810,Yateindra Sharma,,07/02/1994,32,Male,,,,,,,
S1798,,,9982637492,Arshika Shaikh,,03/10/2009,16,Female,,,,,,,
S1799,,,8764020989,Ishita,,21/01/1999,27,Female,,,,,,,
S1800,,,9820731463,Utsav Babel,,01/11/1993,32,Male,,,,,,,
S1801,,,9929922248,Rachna Babel,,10/08/1964,62,Female,,,,,,,
S1802,,,9829086262,Parvez Ahmed,,02/08/1983,43,Male,,,,,,,
S1803,,,,Sunita Meena,,10/06/1981,45,Female,,,,,,,
S1804,,,9887233399,Gauri Baqaia,,29/03/1990,36,Female,,,,,,,
S1805,,,9934038028,Indu Devi,,03/10/1987,38,Female,,,,,,,
S1806,,,9457028169,Laxmi Lata,,08/05/1980,46,Female,,,,,,,
S1807,,,7061994464,Ayush Rai,,23/08/2005,21,Male,,,,,,,
S1808,,,9571277085,Ayush Chauhan,,25/09/1997,28,Male,,,,,,,
S1809,,,9785374392,Sachin Verma,,20/07/2002,24,Male,,,,,,,
S1810,,,7357127341,Mangal Yogi,,17/05/1996,30,Male,,,,,,,
S1811,,,9413007297,Shabnam,,16/08/1971,55,Female,,,,,,,
S1812,,,9520042275,Gulshar Kumar,,29/06/2005,21,Male,,,,,,,
S1813,,,9799072227,Dr Shafaqve Fatima,,16/08/2001,25,Female,,,,,,,
S1814,,,9116695637,Arpita Verma,,01/10/2000,25,Female,,,,,,,
S1815,,,9044548386,Raj Chaudhay,,23/10/2005,20,Male,,,,,,,
S1816,,,9549992992,Sana Khan,,03/10/1997,28,Female,,,,,,,
S1817,,,8058799999,Anijal Ahluwalia,,24/01/1990,36,Female,,,,,,,
S1818,,,6230225831,Chetan Nagar,,06/04/1997,29,Male,,,,,,,
S1819,,,7905337371,Divyanshu Jaiswal,,28/04/2004,22,Male,,,,,,,
S1820,,,9279533538,Sudhanshu Kumar,,04/09/2008,17,Male,,,,,,,
S1821,,,9326156311,Madhavi Jadhav,,09/06/1984,42,Female,,,,,,,
S1822,,,9521377102,Rekha Gurjar,,18/09/1997,28,Female,,,,,,,
S1823,,,7737190664,Sunita Ashar,,31/10/1968,57,Female,,,,,,,
S1824,,,8821913270,Ayush Sharma,,03/10/1993,32,Male,,,,,,,
S1825,,,9869645209,Diji Kv,,28/11/1989,36,Female,,,,,,,
S1826,,,,Shrutika Ashar,,05/06/1990,36,Female,,,,,,,
S1827,,,9588872825,Dishi Gameti,,25/11/2000,25,Female,,,,,,,
S1828,,,9301947763,Jagandeep Singh,,23/03/2007,19,Male,,,,,,,
S1829,,,8302590317,Sonu Meena,,01/11/1998,27,Female,,,,,,,
S1830,,,7877554673,Vishnu Sain,,05/10/2000,25,Male,,,,,,,
S1831,,,9664056203,Himanshi Singh,,02/11/1996,29,Female,,,,,,,
S1832,,,9602477200,Dolly Meena,,06/07/1995,31,Female,,,,,,,
S1833,,,9045604417,Himanshu Yadav,,20/03/2006,20,Male,,,,,,,
S1834,,,7983685056,Palak Singh,,18/11/2003,22,Female,,,,,,,
S1835,,,8233297557,Khushi Raj,,03/03/2005,21,Female,,,,,,,
S1836,,,9631103133,Jack,,08/05/2004,22,Male,,,,,,,
S1837,,,9529882222,Manisha Meena,,17/07/1998,28,Male,,,,,,,
S1838,,,7304603098,Amit R Yadav,,17/07/2005,21,Male,,,,,,,
S1839,,,7088303488,Akshita Singh Raghav,,19/08/2010,16,Male,,,,,,,
S1840,,,7791030592,Dilip Kumar Meena,,03/05/1992,34,Male,,,,,,,
S1841,,,9887885033,Shikha Goswami,,18/06/1982,44,Female,,,,,,,
S1842,,,7062409562,Pinky,,18/01/1985,41,Female,,,,,,,
S1843,,,7620380028,Himanshu R Parate,,03/08/2006,20,Male,,,,,,,
S1844,,,9694863373,Girraj Gautam,,04/01/1988,38,Male,,,,,,,
S1845,,,9587077072,Juhi Dixit,,16/11/1987,38,Female,,,,,,,
S1846,,,9521111011,Akansha Birla,,30/05/1992,34,Female,,,,,,,
S1847,,,7877403265,Devanshu Joshi,,23/04/2003,23,Male,,,,,,,
S1848,,,,Aaradhya Vijay,,17/07/2009,17,Female,,,,,,,
S1849,,,,Ishan Meena,,01/10/2007,18,Male,,,,,,,
S1850,,,8944955695,Souvik Biswas,,22/10/2004,21,Male,,,,,,,
S1851,,,9521111011,Archana Dixit,,16/07/1971,55,Female,,,,,,,
S1852,,,7737713786,Nazia Khan,,25/10/1982,43,Female,,,,,,,
S1853,,,9571375210,Sakina,,27/07/1986,40,Female,,,,,,,
S1854,,,6201414583,Md Salim,,12/10/2003,22,Male,,,,,,,
S1855,,,9256414036,Sapna Garg,,22/10/2000,25,Female,,,,,,,
S1856,,,,Chetna Joshi,,22/10/1996,29,Female,,,,,,,
S1857,,,7979012313,Satyam Singh,,20/08/2006,20,Male,,,,,,,
S1858,,,6392913679,Ashish Masih,,19/11/2002,23,Male,,,,,,,
S1859,,,9529195069,Mohan Lal Lakhotia,,05/04/1951,75,Male,,,,,,,
S1860,,,9461545159,Schita Rathi,,22/02/1995,31,Female,,,,,,,
S1861,,,,Mahesh Goyal,,01/11/1994,31,Male,,,,,,,
S1862,,,9549543991,Dr Payal Verma,,02/01/1979,47,Female,,,,,,,
S1863,,,7073051191,Smriti,,03/10/1998,27,Female,,,,,,,
S1864,,,8290572774,Ankit Sharma,,23/08/1993,33,Male,,,,,,,
S1865,,,9599523718,Ravinder,,31/05/1982,44,Male,,,,,,,
S1866,,,7759999936,Sangeeta Singh,,12/12/1982,43,Male,,,,,,,
S1867,,,8003277993,Parnika,,29/05/2007,19,Female,,,,,,,
S1868,,,8107070307,Tripti Bharadwaj,,28/05/1997,29,Female,,,,,,,
S1869,,,8107522661,Siddharth,,21/09/1993,32,Male,,,,,,,
S1870,,,8467981014,Garima Sachdeva,,09/01/2004,22,Female,,,,,,,
S1871,,,9549167761,Amit Jain,,14/12/1999,26,Male,,,,,,,
S1872,,,8875378187,Lokesh Nagar,,26/01/2000,26,Male,,,,,,,
S1873,,,,Seema Singh,,07/01/1969,57,Female,,,,,,,
S1874,,,9497231947,Sofi Roopesh,,19/10/1976,49,Male,,,,,,,
S1875,,,8804849493,Shubham Kumar,,02/03/2000,26,Male,,,,,,,
S1876,,,9352081962,Sahiba Khati,,08/08/2004,22,Female,,,,,,,
S1877,,,8252374736,Ritesh Kumar,,14/04/2004,22,Male,,,,,,,
S1878,,,7014067688,Suman Jaat,,01/11/1988,37,Female,,,,,,,
S1879,,,9893909871,Pooja Pandey,,12/08/1982,44,Female,,,,,,,
S1880,,,9682186448,Anupama Mali,,25/12/1994,31,Female,,,,,,,
S1881,,,8770590002,Nidhishri Pandey,,07/07/2006,20,Female,,,,,,,
S1882,,,8824823040,Kranti Kumari,,01/01/2003,23,Female,,,,,,,
S1883,,,9587718711,Himanshu Choudhary,,10/10/2002,23,Male,,,,,,,
S1884,,,9116070702,Kumar Sitanshu,,05/01/2006,20,Male,,,,,,,
S1885,,,9782142561,Mukesh Chawda,,19/01/1983,43,Male,,,,,,,
S1886,,,7838540479,Saloni Gupta,,12/07/2004,22,Female,,,,,,,
S1887,,,9110980270,Safyouhar,,01/08/2005,21,Male,,,,,,,
S1888,,,8003526691,Dr Poonam,,04/11/1996,29,Female,,,,,,,
S1889,,,9779595291,Lovedup Singh Malhi,,12/11/2005,20,Male,,,,,,,
S1890,,,7764892469,Anamika Kumari,,01/05/2005,21,Female,,,,,,,
S1891,,,8799519590,Sakshi Patel,,11/10/2003,22,Female,,,,,,,
S1892,,,8057924465,Anurag Singh,,29/10/2003,22,Male,,,,,,,
S1893,,,9958181351,Neha Malviya,,20/07/1985,41,Female,,,,,,,
S1894,,,9216182180,Ruhi Ansari,,05/09/1987,38,Female,,,,,,,
S1895,,,9950664431,Shiv Pratap,,17/06/1998,28,Male,,,,,,,
S1896,,,7232986385,Akshat Jain,,18/12/1997,28,Male,,,,,,,
S1897,,,9555660616,Angel Masih,,16/07/2008,18,Female,,,,,,,
S1898,,,9455160990,Sunita Rang,,24/06/1977,49,Female,,,,,,,
S1899,,,8302403956,Ashutosh Parashar,,31/10/1996,29,Male,,,,,,,
S1900,,,8502966873,Prachi Mittal,,04/08/1997,29,Female,,,,,,,
S1901,,,9460183100,Girish Panwar,,07/08/1960,66,Female,,,,,,,
S1902,,,7067984646,Archna Modi,,01/11/2002,23,Female,,,,,,,
S1903,,,8502813296,Bhawana Yadav,,04/08/1999,27,Male,,,,,,,
S1904,,,9664498358,Vaidhali Panwar,,03/09/1988,37,Female,,,,,,,
S1905,,,9509113796,Bharti Meena,,08/01/1997,29,Female,,,,,,,
S1906,,,9079123795,Muskan Dhirwani,,09/09/1999,26,Male,,,,,,,
S1907,,,6377920041,Shradha Shrivastave,,08/07/2000,26,Female,,,,,,,
S1908,,,8890127004,Swati Rajawat,,02/12/1994,31,Female,,,,,,,
S1909,,,8302028905,Anurodh Shardhiya,,15/08/2003,23,Male,,,,,,,
S1910,,,6291511784,Anjali Singh,,11/10/1998,27,Female,,,,,,,
S1911,,,7973478507,Harpriya,,26/08/1996,29,Female,,,,,,,
S1912,,,8696567265,Nishant BhAtnagae,,24/11/1996,29,Male,,,,,,,
S1913,,,8905503590,Tulsi Rani,,14/12/2002,23,Female,,,,,,,
S1914,,,8081768060,Riya Manya,,20/11/2006,19,Female,,,,,,,
S1915,,,8769254912,Deepika Saggar,,25/10/2003,22,Female,,,,,,,
S1916,,,9376923217,Preeti Jangid,,20/06/2000,26,Female,,,,,,,
S1917,,,9236669539,Jyatsana,,24/09/2005,20,Female,,,,,,,
S1918,,,7665587560,Kanika Rajawat,,13/01/1998,28,Female,,,,,,,
S1919,,,9219262145,Shantanu Maurya,,18/06/2008,18,Male,,,,,,,
S1920,,,9108934581,Surbhi Mantri,,09/01/1991,35,Female,,,,,,,
S1921,,,7014405507,Prince Kumar,,15/06/1997,29,Male,,,,,,,
S1922,,,7375022494,Nisha Lahoty,,09/04/1973,53,Female,,,,,,,
S1923,,,8948942410,Aditi Lahoty,,04/04/1999,27,Female,,,,,,,
S1924,,,9785534017,Avinash Kumar,,20/08/1992,34,Male,,,,,,,
S1925,,,9571523712,Ruchika Mathur,,22/04/1997,29,Female,,,,,,,
S1926,,,7891554363,Giriraaj Prasad,,04/07/1997,29,Male,,,,,,,
S1927,,,7209257196,Symit Mehra,,14/08/2005,21,Male,,,,,,,
S1928,,,8503901594,Manish Agarwal,,13/02/1996,30,Male,,,,,,,
S1929,,,9119145411,Kiran Meena,,01/07/2000,26,Female,,,,,,,
S1930,,,9116884909,Shashank Soni,,28/10/2001,24,Male,,,,,,,
S1931,,,7073472343,Aditya Raj,,25/03/2006,20,Male,,,,,,,
S1932,,,9414281728,Amit Dhabhai,,02/08/1990,36,Male,,,,,,,
S1933,,,8957159210,Varsha Sharma,,29/12/2003,22,Female,,,,,,,
S1934,,,6375767868,Arshila,,07/10/2007,18,Female,,,,,,,
S1935,,,9887187390,Dr Mithlesh Khushi,,03/11/1983,42,Female,,,,,,,
S1936,,,,Ali Khan,,14/05/1998,28,Male,,,,,,,
S1937,,,,Shubham Agarwal,,04/12/1997,28,Male,,,,,,,
S1938,,,9794317648,Dashrait Pal,,09/08/1999,27,Male,,,,,,,
S1939,,,9810745289,Surabhi Gupta,,20/07/1997,29,Female,,,,,,,
S1940,,,,Paridhi Garg,,06/06/1990,36,Female,,,,,,,
S1941,,,7340138252,Sunita Kumari,,24/12/1981,44,Female,,,,,,,
S1942,,,9782483643,Pawan Suman,,15/07/2001,25,Male,,,,,,,
S1943,,,8747700645,Neha Gupta,,12/07/1987,39,Female,,,,,,,
S1944,,,9672293715,Devendra Tiwari,,16/12/1993,32,Male,,,,,,,
S1945,,,9828522656,Gaurav Tiwari,,10/07/2006,20,Male,,,,,,,
S1946,,,7582816596,Rashika Yadav,,10/06/2002,24,Female,,,,,,,
S1947,,,9461610103,Anshuman,,07/07/1997,29,Male,,,,,,,
S1948,,,9461610103,Satyanarayan Galav,,09/09/1962,63,Male,,,,,,,
S1949,,,7073980588,Archana,,14/06/1995,31,Female,,,,,,,
S1950,,,9359191973,Aryan Nadgire,,24/11/2007,18,Male,,,,,,,
S1951,,,7415479194,Dr Seema Meena,,29/08/1995,30,Female,,,,,,,
S1952,,,7032749417,Nimish,,16/04/2006,20,Male,,,,,,,
S1953,,,9752113368,Avnesh Jain,,11/04/2006,20,Male,,,,,,,
S1954,,,9649935444,Nityendra Yadav,,24/10/1979,46,Male,,,,,,,
S1955,,,9756989000,Sanya Chauhan,,10/01/2007,19,Female,,,,,,,
S1956,,,6265372230,Dolly Meena,,13/02/2006,20,Female,,,,,,,
S1957,,,9460851799,Khushi Nama,,28/02/2003,23,Female,,,,,,,
S1958,,,7639734285,Harimani Kandan,,04/12/2005,20,Male,,,,,,,
S1959,,,7357692978,Khusboo Jindal,,25/05/2000,26,Female,,,,,,,
S1960,,,9602880779,Hina Mittal,,10/01/1986,40,Female,,,,,,,
S1961,,,9548178986,Sahil Hussain,,22/10/2004,21,Male,,,,,,,
S1962,,,8279288900,Sonu Kaur,,16/11/1977,48,Female,,,,,,,
S1963,,,,Girja,,27/04/1981,45,Female,,,,,,,
S1964,,,7850800865,Dharmendra Gosai,,31/12/2005,20,Male,,,,,,,
S1965,,,6375776967,Neha Nagar,,16/12/2001,24,Female,,,,,,,
S1966,,,9510534781,Dr Raras Rawal,,04/12/1994,31,Female,,,,,,,
S1967,,,9352938098,Rekha Suman,,15/06/2000,26,Female,,,,,,,
S1968,,,,Girija Meena,,04/12/1991,34,Female,,,,,,,
S1969,,,7239960761,Manisha Soni,,07/10/1999,26,Female,,,,,,,
S1970,,,7903531269,Arman Ansari,,15/07/2007,19,Male,,,,,,,
S1971,,,7877739241,Ashok Meghwal,,10/09/2006,19,Female,,,,,,,
S1972,,,8252276585,Rohit,,05/05/2006,20,Male,,,,,,,
S1973,,,9785521022,Saddam Hussain,,12/07/1991,35,Male,,,,,,,
S1974,,,8002375382,Priyanshu Sarotriya,,23/04/2006,20,Male,,,,,,,
S1975,,,9608855838,Abhishek Kumar,,15/10/2005,20,Male,,,,,,,
S1976,,,8209789352,Dhanraj,,25/05/1998,28,Male,,,,,,,
S1977,,,9024054359,Kashish Makhja,,26/03/2004,22,Female,,,,,,,
S1978,,,8600007031,Ujwala Dange,,18/10/1984,41,Female,,,,,,,
S1979,,,8209309121,Yashfeen,,12/05/1999,27,Female,,,,,,,
S1980,,,7737983637,Ruhi,,26/02/1976,50,Female,,,,,,,
S1981,,,9422661009,Divya Soni,,18/04/1993,33,Female,,,,,,,
S1982,,,7891919797,Neetu Dhirwani,,29/11/1974,51,Female,,,,,,,
S1983,,,,Mr Vinod Gaur,,30/06/1965,61,Male,,,,,,,
S1984,,,8209089768,Sanali Singh,,22/08/1995,31,Female,,,,,,,
S1985,,,9414317502,Monika PN,,05/04/1982,44,Female,,,,,,,
S1986,,,9816815959,Divya,,26/11/2005,20,Female,,,,,,,
S1987,,,9622137979,Gina,,27/07/1974,52,Female,,,,,,,
S1988,,,9636445767,Poonam Goyal,,11/12/1985,40,Female,,,,,,,
S1989,,,8235815363,Archana Pandey,,11/09/1997,28,Female,,,,,,,
S1990,,,8290844029,Anita Gujar,,20/05/1995,31,Female,,,,,,,
S1991,,,8287154602,Kavita Malik,,14/07/1995,31,Female,,,,,,,
S1992,,,9116809688,Aluiza Khan,,15/10/2007,18,Male,,,,,,,
S1993,,,9587327693,Kavita Rathore,,16/12/1997,28,Female,,,,,,,
S1994,,,8955966791,Mahinoor Rizni,,20/08/2007,19,Female,,,,,,,
S1995,,,,Shubham Shekhar,,07/03/2005,21,Male,,,,,,,
S1996,,,7366863355,Adarsh Kumar,,31/07/2006,20,Male,,,,,,,
S1997,,,9756916021,Pushpa,,28/04/2008,18,Female,,,,,,,
S1998,,,9517637008,Pramod Ayrohari,,23/11/2003,22,Male,,,,,,,
S1999,,,9354122677,Md Mehbub,,18/02/2000,26,Male,,,,,,,
S2000,,,8817156283,Pushpendra Sharma,,12/04/2002,24,Male,,,,,,,
S2001,,,8239057201,Prateek Mathodia,,25/08/2000,25,Male,,,,,,,
S2002,,,9079705874,Dimpy Gupta,,26/09/2008,17,Female,,,,,,,
S2003,,,7010448681,Lakshya Hirani,,07/01/1998,28,Male,,,,,,,
S2004,,,9887538345,Priyanka Meena,,05/02/1997,29,Female,,,,,,,
S2005,,,8741030500,Govind Meena,,08/01/1980,46,Male,,,,,,,
S2006,,,7979012313,Sakshi Priya,,05/12/2007,18,Female,,,,,,,
S2007,,,8233423814,Gunjan,,04/10/1978,47,Female,,,,,,,
S2008,,,,Shweta Agarwal,,22/12/1977,48,Female,,,,,,,
S2009,,,9166436310,Dilkesh,,21/09/2002,23,Female,,,,,,,
S2010,,,8859898919,Vinita Arya,,27/04/1974,52,Female,,,,,,,
S2011,,,7891398101,Kalimuddiu,,02/07/1991,35,Male,,,,,,,
S2012,,,8808198908,Anju Yadav,,09/03/2004,22,Male,,,,,,,
S2013,,,8529137289,Asma,,10/08/1987,39,Female,,,,,,,
S2014,,,9582631088,Adiba Palwez,,13/11/2002,23,Female,,,,,,,
S2015,,,9982426166,Antima Nagar,,12/02/1990,36,Female,,,,,,,
S2016,,,7089046645,Rashi Chhabra,,22/08/2008,18,Female,,,,,,,
S2017,,,9044239678,Mohammad Tayyab,,21/10/2005,20,Male,,,,,,,
S2018,,,9508598383,Rakhi,,30/08/2004,21,Female,,,,,,,
S2019,,,8739967162,Amar Singh,,01/12/1995,30,Male,,,,,,,
S2020,,,7014686125,Farha Ansari,,05/10/1985,40,Male,,,,,,,
S2021,,,9413354534,Lk Gupta,,06/02/1966,60,Male,,,,,,,
S2022,,,9935064250,Meenal Beheti,,19/07/1996,30,Female,,,,,,,
S2023,,,8767717566,Nargis Shaikh,,11/04/2002,24,Male,,,,,,,
S2024,,,9660255543,Sheena Parveen,,04/09/1988,37,Female,,,,,,,
S2025,,,9001264470,Manju Chavau,,20/02/1989,37,Female,,,,,,,
S2026,,,7725900841,Devendra Nagar,,11/11/2000,25,Male,,,,,,,
S2027,,,9784642360,Dr Divya Sharma,,03/08/1983,43,Female,,,,,,,
S2028,,,7597747593,Rk Pareta,,20/08/1968,58,Male,,,,,,,
S2029,,,8619173018,Kartik Mewara,,28/08/1998,27,Male,,,,,,,
S2030,,,9509207652,Jahanvi Sharma,,25/11/2006,19,Female,,,,,,,
S2031,,,6261871729,Heena Parveen,,05/05/2007,19,Female,,,,,,,
S2032,,,9950272105,Imran Khan,,12/09/1985,40,Male,,,,,,,
S2033,,,7229904589,Ishan Sharma,,30/10/2004,21,Male,,,,,,,
S2034,,,9079751484,Harshit Singh Parwar,,24/05/2005,21,Male,,,,,,,
S2035,,,6352250231,Alina Nair,,12/05/2007,19,Female,,,,,,,
S2036,,,7976455495,Poonam Jha,,15/03/1992,34,Female,,,,,,,
S2037,,,9982423098,Anita Mehra,,26/08/1968,57,Female,,,,,,,
S2038,,,9116053103,Ananyaa Gautam,,22/12/2003,22,Female,,,,,,,
S2039,,,7300386580,Nikhil Jain,,19/07/1999,27,Male,,,,,,,
S2040,,,9887121764,Ritika Panwar,,28/12/2002,23,Female,,,,,,,
S2041,,,,Teena Sen,,18/01/2005,21,Female,,,,,,,
S2042,,,,Umang Jindal,,18/01/2007,19,Male,,,,,,,
S2043,,,9784107493,Aarti Meena,,25/08/2006,19,Female,,,,,,,
S2044,,,9015269248,Kapila Yadav,,04/02/1991,35,Female,,,,,,,
S2045,,,7852835253,Manisha,,11/09/2004,21,Female,,,,,,,
S2046,,,9829038095,Manoj Khandelwal,,06/03/1985,41,Male,,,,,,,
S2047,,,6205892307,Monika Mishra,,15/11/1993,32,Female,,,,,,,
S2048,,,9549737505,Ankush Jain,,15/10/1993,32,Male,,,,,,,
S2049,,,7073105886,Shayufla,,02/09/1999,26,Female,,,,,,,
S2050,,,9517303211,Devendra,,01/04/2000,26,Male,,,,,,,
S2051,,,8887607521,Aarav Singh,,19/11/2012,13,Male,,,,,,,
S2052,,,7014361561,Harshita Maheshwari,,06/07/1997,29,Female,,,,,,,
S2053,,,8690304076,Varsha Sharma,,08/08/1997,29,Female,,,,,,,
S2054,,,9001813476,Ayushi Sharma,,15/07/1998,28,Female,,,,,,,
S2055,,,8769828822,Dr Prachi Goyal,,18/01/1990,36,Female,,,,,,,
S2056,,,9599558358,Preeti Agrawal,,25/06/1986,40,Female,,,,,,,
S2057,,,8529307323,Bhagwan Gurjar,,12/03/1995,31,Male,,,,,,,
S2058,,,9414940730,Dr Laxman Muttepawav,,07/05/1968,58,Male,,,,,,,
S2059,,,9314449180,Giyanedra Shau,,15/05/1974,52,Male,,,,,,,
S2060,,,6377408903,Vinita Sharma,,05/11/1986,39,Female,,,,,,,
S2061,,,8502807468,Kapil Suman,,01/08/1995,31,Male,,,,,,,
S2062,,,6376106384,Kiran Rathore,,04/03/2002,24,Female,,,,,,,
S2063,,,8107426606,Kajal Meena,,29/09/2003,22,Female,,,,,,,
S2064,,,7340587385,Ashok,,01/10/1998,27,Male,,,,,,,
S2065,,,9649766092,Jyoti Kanwar,,29/03/1994,32,Female,,,,,,,
S2066,,,8209823472,Disha Ambwani,,14/06/1983,43,Female,,,,,,,
S2067,,,8005903502,Shubham Sharma,,14/08/1996,30,Male,,,,,,,
S2068,,,6378730069,Lavisha Jain,,07/03/1995,31,Female,,,,,,,
S2069,,,9001056383,Sakshi Jain,,10/01/2001,25,Female,,,,,,,
S2070,,,7296805512,Laxmi Yadav,,01/05/1986,40,Female,,,,,,,
S2071,,,8696214288,Manjeeta Mehta,,04/02/2001,25,Male,,,,,,,
S2072,,,9521818440,Piyush Gupta,,28/01/1997,29,Male,,,,,,,
S2073,,,9352792846,Jiya Palewar,,15/12/2004,21,Female,,,,,,,
S2074,,,9024987814,Khushboo Nagar,,24/06/2000,26,Female,,,,,,,
S2075,,,7014705067,Neer Dayani,,23/02/2014,12,Male,,,,,,,
S2076,,,7014705067,Kashish Dayani,,06/11/1986,39,Female,,,,,,,
S2077,,,6260395023,Jitendra Tawar,,02/10/2006,19,Male,,,,,,,
S2078,,,9306470587,Sital Sheoran,,05/03/1987,39,Female,,,,,,,
S2079,,,9828471350,Abbas,,06/03/1972,54,Male,,,,,,,
S2080,,,9829054515,Kapil Sharma,,05/08/1994,32,Male,,,,,,,
S2081,,,9799577998,Heena Yadav,,04/04/1990,36,Female,,,,,,,
S2082,,,7339968383,Divya Sharma,,06/11/1992,33,Female,,,,,,,
S2083,,,7053800915,Vivek Sherawat,,06/02/1993,33,Male,,,,,,,
S2084,,,9166102609,Sumit Changeriwal,,26/09/2004,21,Male,,,,,,,
S2085,,,9166190086,Ashima Anjum,,02/10/1989,36,Female,,,,,,,
S2086,,,9468755996,A Satyavathi,,28/10/1981,44,Female,,,,,,,
S2087,,,9982045557,Meenu Sharma,,10/09/1989,36,Female,,,,,,,
S2088,,,7891331033,Aayushi Nama,,12/09/2004,21,Female,,,,,,,
S2089,,,9431805675,Divya Jyoti,,14/09/2003,22,Female,,,,,,,
S2090,,,7726897700,Laxmi Chabra,,21/01/1984,42,Female,,,,,,,
S2091,,,9182890484,Shikha Chaudhary,,11/11/1986,39,Female,,,,,,,
S2092,,,9783955550,Fasleen Kaur,,13/01/1995,31,Female,,,,,,,
S2093,,,8639256051,Shaurya Veer,,15/05/2005,21,Male,,,,,,,
S2094,,,9784595678,Lavangika,,03/07/1996,30,Female,,,,,,,
S2095,,,8979205898,Preeti,,30/06/1996,30,Female,,,,,,,
S2096,,,9052721466,Triveni,,08/08/1981,45,Female,,,,,,,
S2097,,,7999190866,Vicky,,31/07/2006,20,Male,,,,,,,
S2098,,,7877789884,Sangita Visewas,,02/07/1993,33,Female,,,,,,,
S2099,,,7014737463,Reena Bhati,,23/09/1989,36,Female,,,,,,,
S2100,,,9521818440,Meena Gupta,,17/02/1977,49,Female,,,,,,,
S2101,,,8826771616,Aakansha Jain,,12/05/1987,39,Female,,,,,,,
S2102,,,9305287300,Ansh Singh,,04/12/2005,20,Male,,,,,,,
S2103,,,9413053103,Kavita Tyagi,,30/12/1974,51,Female,,,,,,,
S2104,,,9571187349,Radhey Meena,,24/02/2001,25,Female,,,,,,,
S2105,,,7726049024,Manisha Soni,,24/02/1997,29,Female,,,,,,,
S2106,,,9831451286,Koena Bagehi,,24/02/2008,18,Female,,,,,,,
S2107,,,8504883009,Rahul Gupta,,23/02/1990,36,Male,,,,,,,
S2108,,,9928944964,Kajal Soni,,20/05/2002,24,Female,,,,,,,
S2109,,,9403440917,Swati Yarmanwad,,16/12/1982,43,Female,,,,,,,
S2110,,,9351151649,Mahima Rathore,,04/03/1997,29,Female,,,,,,,
S2111,,,7899467513,Sahana Vh,,11/06/1997,29,Female,,,,,,,
S2112,,,7240626365,Aftaf Hussain,,15/03/2000,26,Male,,,,,,,
S2113,,,8683817357,Seema,,02/08/1984,42,Female,,,,,,,
S2114,,,8949529216,Naveen Singh Rawat,,20/06/1992,34,Male,,,,,,,
S2115,,,9694101084,Shobha Rawat,,25/08/1973,52,Female,,,,,,,
S2116,,,8955025008,Utkarsh Santoshi,,07/10/1997,28,Male,,,,,,,
S2117,,,9351543464,Akansha Soni,,14/12/2006,19,Female,,,,,,,
S2118,,,6377105806,Tufan Singh,,08/06/2002,24,Male,,,,,,,
S2119,,,8764348937,Siddhiksha Sharma,,09/05/2013,13,Female,,,,,,,
S2120,,,7993828500,Kotla Harini Priya,,28/01/2002,24,Female,,,,,,,
S2121,,,7737579435,Altaf Hussain,,13/01/1999,27,Male,,,,,,,
S2122,,,9057522932,Krish Roy,,29/09/2006,19,Male,,,,,,,
S2123,,,8979009763,Anjali Yadav,,04/05/2003,23,Female,,,,,,,
S2124,,,9772152662,Divyanshi Jain,,25/09/2000,25,Female,,,,,,,
S2125,,,7742111619,Manish Nagar,,10/11/1997,28,Male,,,,,,,
S2126,,,6390999679,Afzal Husain,,01/01/2003,23,Male,,,,,,,
S2127,,,8072041162,Rajesh Prabhu,,04/03/1981,45,Male,,,,,,,
S2128,,,9410874635,Sukhwinder Singh,,23/11/1987,38,Male,,,,,,,
S2129,,,9460390600,Vinita Vyas,,05/07/1967,59,Female,,,,,,,
S2130,,,7568767381,Shweta Ambwani,,07/05/1994,32,Female,,,,,,,
S2131,,,7737414789,Sana Khan,,07/11/1997,28,Female,,,,,,,
S2132,,,7073596641,Toufiq,,24/06/2005,21,Male,,,,,,,
S2133,,,9079206659,Khushboo Vyas,,30/05/1995,31,Female,,,,,,,
S2134,,,6367678972,Aryan Khatana,,08/09/2003,22,Male,,,,,,,
S2135,,,7976043608,Mehul Agrawal,,12/05/2008,18,Male,,,,,,,
S2136,,,8890500694,Swati Sharma,,08/08/1998,28,Female,,,,,,,
S2137,,,9116512340,Gunjan Jhala,,20/05/1998,28,Female,,,,,,,
S2138,,,7976347962,Sakshi Vyas,,12/12/1994,31,Female,,,,,,,
S2139,,,9829039399,Vidhi Singh,,21/03/2002,24,Female,,,,,,,
S2140,,,8761483149,Koshubh,,27/09/1997,28,Female,,,,,,,
S2141,,,9798908142,Swati Kumari,,06/07/2008,18,Female,,,,,,,
S2142,,,8561886889,Megha,,01/10/1987,38,Female,,,,,,,
S2143,,,8094183020,Aryan Updhayay,,20/08/2003,23,Male,,,,,,,
S2144,,,8905811837,Muskan Shaikh,,01/01/2001,25,Female,,,,,,,
S2145,,,7891299679,Nisha Khichi,,18/08/1998,28,Female,,,,,,,
S2146,,,6281521986,Bhavya Pranathi,,20/05/1994,32,Female,,,,,,,
S2147,,,7016904190,Supriya,,22/02/1982,44,Female,,,,,,,
S2148,,,9931944749,Sweety Singh,,12/01/1978,48,Female,,,,,,,
S2149,,,9257747957,Phool Varsha,,15/06/1980,46,Female,,,,,,,
S2150,,,9229311789,Sanjida,,20/12/1991,34,Female,,,,,,,
S2151,,,9783453197,Kiran Bairagi,,06/11/1996,29,Female,,,,,,,
S2152,,,9680996080,Surbhi Vijaywargia,,24/09/1988,37,Female,,,,,,,
S2153,,,9828471345,Adnan Ali,,26/08/2000,25,Male,,,,,,,
S2154,,,9930918102,Mahreen Khan,,15/08/1995,31,Female,,,,,,,
S2155,,,7762824456,Ankita Sharma,,13/04/2009,17,Female,,,,,,,
S2156,,,9572890919,Arsh Navayan,,16/05/2004,22,Male,,,,,,,
S2157,,,9462962592,Deepti Kumari,,09/11/2000,25,Female,,,,,,,
S2158,,,7991182895,Devanti Kumari,,14/06/1985,41,Female,,,,,,,
S2159,,,9694866406,Sofiya Khan,,30/11/2000,25,Female,,,,,,,
S2160,,,8529756169,Dhritika Pahwa,,15/12/1999,26,Female,,,,,,,
S2161,,,6396237451,Ritesh Mujawdiya,,16/02/1990,36,Male,,,,,,,
S2162,,,7737794113,Juhi Mittal,,23/02/1990,36,Female,,,,,,,
S2163,,,9461563033,Mohit Agarwal,,04/11/1997,28,Male,,,,,,,
S2164,,,9024428113,Zakiya Bano,,10/04/1994,32,Female,,,,,,,
S2165,,,9555660616,Baby Masih,,07/06/1982,44,Female,,,,,,,
S2166,,,7742371569,Bharat Hada,,16/07/1992,34,Male,,,,,,,
S2167,,,7690996689,Manan Ghosh,,05/03/2001,25,Male,,,,,,,
S2168,,,9142046063,Vivek Kumar,,20/02/2005,21,Male,,,,,,,
S2169,,,9828606088,Maya Palwar,,04/02/1982,44,Female,,,,,,,
S2170,,,7208093825,Sejal Sabbag,,13/11/1993,32,Female,,,,,,,
S2171,,,7858901871,Sudhanshu Raj,,02/05/2003,23,Male,,,,,,,
S2172,,,7727943942,Sneha Agarwal,,04/01/1999,27,Female,,,,,,,
S2173,,,9905775060,Aditya Anurag,,11/03/2008,18,Male,,,,,,,
S2174,,,9691900266,Pragati Salwe,,03/07/2001,25,Female,,,,,,,
S2175,,,7697383685,Pragti Ghodki,,08/11/1996,29,Female,,,,,,,
S2176,,,7999019832,Rachel Senclair,,08/03/1998,28,Female,,,,,,,
S2177,,,8209865167,Yuvraj Lodha,,10/05/2003,23,Male,,,,,,,
S2178,,,9460218865,Shadma Parveen,,24/06/2008,18,Female,,,,,,,
S2179,,,9571790606,Devki Nandan,,23/07/1981,45,Male,,,,,,,
S2180,,,9708783709,Anu Patel,,04/10/2004,21,Female,,,,,,,
S2181,,,7654896201,Hema Kumari,,20/04/1989,37,Female,,,,,,,
S2182,,,9079971491,Himanshu Vaishnav,,08/04/2000,26,Male,,,,,,,
S2183,,,7221006028,Harshita,,18/02/2000,26,Female,,,,,,,
S2184,,,9549930999,Nitin Jain,,08/12/1990,35,Male,,,,,,,
S2185,,,9829585229,Saroj Kumari,,22/09/1989,36,Female,,,,,,,
S2186,,,9110037036,Anant Oraon,,18/12/2007,18,Male,,,,,,,
S2187,,,6378739661,Rashmi Gujariya,,08/10/1997,28,Female,,,,,,,
S2188,,,9546166838,Sania Tabassum,,06/12/2005,20,Female,,,,,,,
S2189,,,9351797680,Jyoti Meena,,10/08/2006,20,Female,,,,,,,
S2190,,,8708038776,Vishal Shorua,,26/11/1998,27,Male,,,,,,,
S2191,,,9582873609,Yashvika Kakkar,,20/01/1993,33,Female,,,,,,,
S2192,,,8696517873,Prince,,10/05/2007,19,Male,,,,,,,
S2193,,,8003823177,Deepa Muradiya,,30/05/1989,37,Female,,,,,,,
S2194,,,8000026328,Akansha Ambwani,,14/03/1997,29,Female,,,,,,,
S2195,,,9661972446,Raj Dishant Kumar,,23/01/2008,18,Male,,,,,,,
S2196,,,7742145132,Maumita Mondal,,22/04/2007,19,Female,,,,,,,
S2197,,,7004705367,Ajit Rana,,20/07/2007,19,Male,,,,,,,
S2198,,,6377868586,Kriti Saxena,,22/01/1997,29,Female,,,,,,,
S2199,,,9982363237,Manu Nagar,,10/06/2004,22,Female,,,,,,,
S2200,,,9109738387,Sumit Gour,,25/03/2009,17,Male,,,,,,,
S2201,,,9829558452,Rekha Pareta,,26/09/1991,34,Female,,,,,,,
S2202,,,9829836795,Niharika Baheti,,05/06/2025,1,Female,,,,,,,
S2203,,,9772736725,Sakshi Shaktawat,,12/06/2004,22,Female,,,,,,,
S2204,,,8233263465,Khushi Pandey,,10/08/2004,22,Female,,,,,,,
S2205,,,9001134200,Kunal Jain,,12/06/1995,31,Male,,,,,,,
S2206,,,9829280149,Vaibhav Jain,,12/06/1980,46,Male,,,,,,,
S2207,,,7023042347,Muskan,,27/09/2001,24,Female,,,,,,,
S2208,,,9004322329,Aanchal Rajotia,,23/09/1997,28,Female,,,,,,,
S2209,,,9522384250,Abhishek Dhakad,,12/06/2004,22,Male,,,,,,,
S2210,,,8239875197,Neha Gautam,,16/10/1996,29,Female,,,,,,,
S2211,,,8103584835,Shruti Soni,,20/10/2010,15,Female,,,,,,,
S2212,,,9166066176,Tisha Soni,,10/03/2001,25,Female,,,,,,,
S2213,,,8619075215,Ramkesh Meena,,12/06/1998,28,Male,,,,,,,
S2214,,,9649820160,Jyoti Shrivastav,,27/10/1991,34,Female,,,,,,,
S2215,,,8949461357,Manvi Aulawari,,02/03/2007,19,Female,,,,,,,
S2216,,,7737505813,Indu Singh,,22/10/1990,35,Female,,,,,,,
S2217,,,9828482802,Suraj Parwar,,12/06/1998,28,Male,,,,,,,
S2218,,,9970933696,Shivam Satish Chawara,,12/06/2008,18,Male,,,,,,,
S2219,,,9461982599,Parveen Kumar,,12/06/1997,29,Male,,,,,,,
S2220,,,9610805373,Sangita Meena,,08/05/1993,33,Female,,,,,,,
S2221,,,9691900266,Babita Salwe,,14/08/1977,49,Female,,,,,,,
S2222,,,9582873605,Prachi Upreti,,23/06/1996,30,Female,,,,,,,
S2223,,,9772233786,Rahil Shaikh,,13/06/1992,34,Male,,,,,,,
S2224,,,8641007936,Gauri Jadon,,23/02/2009,17,Female,,,,,,,
S2225,,,8955238997,Govinda Kushwaha,,12/07/2003,23,Male,,,,,,,
S2226,,,9501487621,Navya Saxena,,14/11/2005,20,Female,,,,,,,
S2227,,,8077981616,Aayushi Agrawal,,07/06/2008,18,Female,,,,,,,
S2228,,,8504883009,Rajesh Gupta,,12/08/1964,62,Male,,,,,,,
S2229,,,8005651088,Dr Prachi Makhija,,08/08/1997,29,Female,,,,,,,
S2230,,,9588885650,Dimple Meghwal,,28/04/2004,22,Female,,,,,,,
S2231,,,9983041026,Rinku Jangid,,01/01/1983,43,Female,,,,,,,
S2232,,,9343609572,Krishna Tyagi,,07/01/2010,16,Male,,,,,,,
S2233,,,9414420486,Asad,,13/06/1980,46,Male,,,,,,,
S2234,,,8769450069,Riya Maheshwari,,24/12/1996,29,Female,,,,,,,
S2235,,,9653722385,Shivani Joshi,,17/12/1999,26,Female,,,,,,,
S2236,,,9024864599,Anjali Saini,,02/09/2001,24,Female,,,,,,,
S2237,,,9928984711,Aayanan Gupta,,28/11/2003,22,Male,,,,,,,
S2238,,,9660027235,Dr Pragya Modi,,27/04/1985,41,Female,,,,,,,
S2239,,,9530495544,Ajay Malav,,05/12/1995,30,Male,,,,,,,
S2240,,,7976598780,Neelofar Naz,,10/02/1995,31,Female,,,,,,,
S2241,,,6367470986,Chanchal Prajapat,,22/09/2003,22,Female,,,,,,,
S2242,,,6377247998,Vinay Kumar,,23/09/2006,19,Male,,,,,,,
S2243,,,9829189341,Harshita Kansal,,27/12/1999,26,Female,,,,,,,
S2244,,,7020658712,Rajesh Shitute,,30/10/2007,18,Male,,,,,,,
S2245,,,9009410853,Arun Kumar,,01/06/2006,20,Male,,,,,,,
S2246,,,9602590289,Vasudev Jaipal,,02/03/2004,22,Male,,,,,,,
S2247,,,9708865560,Rajni Kaur,,24/12/1986,39,Female,,,,,,,
S2248,,,8955713509,Smviti Saxena,,20/06/2001,25,Female,,,,,,,
S2249,,,8003253373,Jyoti Panchal,,24/02/2000,26,Female,,,,,,,
S2250,,,8292777432,Bajrang Kumar Saha,,05/07/2003,23,Male,,,,,,,
S2251,,,7976256237,Seema Khan,,24/08/1994,31,Female,,,,,,,
S2252,,,9782857280,Rekha Tansubhaui,,20/06/1985,41,Female,,,,,,,
S2253,,,8769958583,Mahi Soni,,09/08/2008,18,Female,,,,,,,
S2254,,,7878915054,Divyanshi Meena,,05/07/2010,16,Female,,,,,,,
S2255,,,9414571259,Purvansh Gupta,,10/12/2009,16,Male,,,,,,,
S2256,,,9664071221,Manisha,,08/02/1993,33,Female,,,,,,,
S2257,,,9110184367,Sapna Kumari,,11/09/2006,19,Female,,,,,,,
S2258,,,9368658345,Tanishka Tomar,,20/11/2007,18,Female,,,,,,,
S2259,,,8291671420,Gyanesh Sharma,,19/10/1942,83,Male,,,,,,,
S2260,,,7688935029,Muskan Gupta,,06/01/1998,28,Female,,,,,,,
S2261,,,8967484866,Kunal Behani,,25/09/2006,19,Male,,,,,,,
S2262,,,8890591488,Tanish Singh,,10/07/2002,24,Male,,,,,,,
S2263,,,8302116115,Garima Ambwani,,19/12/2005,20,Female,,,,,,,
S2264,,,9981440427,Bhumika Rajani,,19/04/2006,20,Female,,,,,,,
S2265,,,9664153284,Adhyayan Carpenter,,03/03/2006,20,Male,,,,,,,
S2266,,,6375876166,Kavita Jangid,,15/06/1992,34,Female,,,,,,,
S2267,,,9166432515,Sanjay Choudhary,,15/07/1996,30,Male,,,,,,,
S2268,,,8824847204,Heena Khan,,05/05/1993,33,Female,,,,,,,
S2269,,,9216190594,Palak Haridhar,,12/05/2005,21,Female,,,,,,,
S2270,,,6398028140,Shivkant Verma,,01/01/2007,19,Male,,,,,,,
S2271,,,7014411755,Hritik Sharma,,06/08/2001,25,Male,,,,,,,
S2272,,,9929667255,Rina Soni,,29/10/1983,42,Female,,,,,,,
S2273,,,8078688497,Sarita Banshiwal,,07/03/1988,38,Female,,,,,,,
S2274,,,8005819692,Pradeep Maheshwari,,23/09/1988,37,Male,,,,,,,
S2275,,,9310446950,Priyanshu Singh,,08/12/2006,19,Male,,,,,,,
S2276,,,8349410595,Sakshi Kansal,,04/12/1995,30,Female,,,,,,,
S2277,,,9555225967,Rajni Tiwari,,11/03/2003,23,Female,,,,,,,
S2278,,,6269177592,Zaheer Khan,,05/08/2000,26,Female,,,,,,,
S2279,,,8459748980,Dharti Yadav,,15/03/2006,20,Female,,,,,,,
S2280,,,9825016795,Basant Baheri,,15/01/1968,58,Male,,,,,,,
S2281,,,8005512672,Lokesh Suman,,06/12/1996,29,Male,,,,,,,
S2282,,,9546269661,Ashu Singh,,10/02/2006,20,Male,,,,,,,
S2283,,,7020853835,Kavita Pankaj,,27/05/1979,47,Female,,,,,,,
S2284,,,7079443264,Shubham Kumar,,15/08/2008,18,Male,,,,,,,
S2285,,,8349636999,Chhavi Ahuja,,11/02/2000,26,Female,,,,,,,
S2286,,,7976908344,Anjali Kumawat,,12/07/1999,27,Female,,,,,,,
S2287,,,9166879988,Lucky Shah,,22/10/2002,23,Male,,,,,,,
S2288,,,7700919620,Ansh Yadav,,27/08/2008,17,Male,,,,,,,
S2289,,,7726880746,Anjali Meena,,10/12/1999,26,Female,,,,,,,
S2290,,,8824470038,Rohit Meena,,10/10/2007,18,Male,,,,,,,
S2291,,,8829912248,Sanjay Verma,,12/08/1982,44,Male,,,,,,,
S2292,,,9557759204,Shobhni Kaushik,,09/09/1985,40,Female,,,,,,,
S2293,,,7320079226,Sachin Gurjar,,03/03/2005,21,Male,,,,,,,
S2294,,,6376197506,Anushka Shrivastava,,18/05/2002,24,Female,,,,,,,
S2295,,,7665399558,Mansi Soni,,01/12/1998,27,Female,,,,,,,
S2296,,,6386550379,Pawani Tiwari,,30/10/2005,20,Female,,,,,,,
S2297,,,9928243748,Aradhya Soni,,13/04/2012,14,Female,,,,,,,
S2298,,,8920670531,Priyanka Roy,,10/08/2007,19,Female,,,,,,,
S2299,,,8385848503,Sanjay Mewara,,07/12/1998,27,Male,,,,,,,
S2300,,,8502613296,Bhawana Yadav,,04/08/1999,27,Female,,,,,,,
S2301,,,7061217383,Hausen,,07/07/2007,19,Male,,,,,,,
S2302,,,7877883185,Kalpana,,29/03/2004,22,Female,,,,,,,
S2303,,,7877883185,Urmila Foujdar,,06/08/1983,43,Female,,,,,,,
S2304,,,8889506053,Karan Kushwah,,26/01/2001,25,Male,,,,,,,
S2305,,,9352707060,Ramakrishna Dhakad,,20/02/2007,19,Male,,,,,,,
S2306,,,9166162108,Aaliya,,15/08/1993,33,Female,,,,,,,
S2307,,,7219260210,Shubham,,07/08/1996,30,Male,,,,,,,
S2308,,,9950725888,Bharti Wadhwanz,,26/08/1961,64,Female,,,,,,,
S2309,,,8619971541,Harshita Vishwakarma,,21/04/2002,24,Female,,,,,,,
S2310,,,8764011351,Divyansh Vijay,,21/08/2000,26,Male,,,,,,,
S2311,,,8824243216,Rahul Sen,,26/08/1997,28,Male,,,,,,,
S2312,,,8709202982,Sweety Kumari,,11/06/2008,18,Female,,,,,,,
S2313,,,7066832430,Kanchan Maurya,,09/03/1983,43,Female,,,,,,,
S2314,,,7008246130,Nimisha Rathi,,26/08/2003,22,Female,,,,,,,
S2315,,,6206803984,Survi Sharda,,11/12/2003,22,Female,,,,,,,
S2316,,,9508675130,Shivam Kumar,,09/10/2007,18,Male,,,,,,,
S2317,,,9024358788,Himanshi Paliwal,,23/06/2001,25,Female,,,,,,,
S2318,,,8905892120,Ajmal Singh,,25/06/1981,45,Male,,,,,,,
S2319,,,9875046357,Roshan Ara,,28/08/1984,41,Female,,,,,,,
S2320,,,9413471363,Sanju Jain,,11/08/1975,51,Female,,,,,,,
S2321,,,7023250567,Nikita Sharma,,05/10/2000,25,Female,,,,,,,
S2322,,,9470118323,Arnav Kumar Singh,,24/04/2009,17,Male,,,,,,,
S2323,,,8825243248,Ankit Kumar,,18/02/2006,20,Male,,,,,,,
S2324,,,9236015364,Ayushree Singh,,30/04/2007,19,Female,,,,,,,
S2325,,,6350499082,Ansh Agarwal,,28/08/2005,20,Male,,,,,,,
S2326,,,9509042648,Diksha Nagar,,03/02/2003,23,Female,,,,,,,
S2327,,,8239138437,Preeti Jangid,,04/07/2001,25,Female,,,,,,,
S2328,,,6377399144,Swumay Maheshwari,,31/05/2001,25,Male,,,,,,,
S2329,,,8209560917,Zuber Abbasi,,25/10/2006,19,Male,,,,,,,
S2330,,,9521206424,Lata Verma,,25/01/1976,50,Female,,,,,,,
S2331,,,6299563124,Shubham Raj,,10/11/2006,19,Male,,,,,,,
S2332,,,9204896929,Niranjan Yadav,,24/05/2006,20,Male,,,,,,,
S2333,,,8561915736,Jaya Verma,,24/09/1996,29,Female,,,,,,,
S2334,,,7414862810,Amisha Jindal,,31/05/2002,24,Female,,,,,,,
S2335,,,7357397427,Bharti Panchal,,30/09/1999,26,Female,,,,,,,
S2336,,,8824040305,Dharmesh Soni,,18/12/2009,16,Male,,,,,,,
S2337,,,9721360439,Arun Verma,,13/09/2007,18,Male,,,,,,,
S2338,,,7240336906,Kanishk Jain,,30/07/2008,18,Male,,,,,,,
S2339,,,9508330883,Vishal Choudhary,,08/12/2005,20,Male,,,,,,,
S2340,,,8107764112,Chirag Potali,,04/06/1992,34,Male,,,,,,,
S2341,,,9201225711,Rukaiya,,20/09/2005,20,Female,,,,,,,
S2342,,,9326325334,Mohammad Farhan,,07/07/2007,19,Male,,,,,,,
S2343,,,9598014877,Aman Mishra,,01/07/2005,21,Male,,,,,,,
S2344,,,8209952038,Daksh Sharma,,05/04/2008,18,Male,,,,,,,
S2345,,,7023753755,Rashmi Jain,,18/11/1998,27,Female,,,,,,,
S2346,,,9829194030,Dr Vinita Sharma,,15/03/1977,49,Female,,,,,,,
S2347,,,7008246130,Charul Rathi,,13/09/2004,21,Female,,,,,,,
S2348,,,7820960201,Mohd Alfez,,07/05/2005,21,Male,,,,,,,
S2349,,,6367288319,Sabir Pathan,,06/01/2004,22,Male,,,,,,,
S2350,,,9672877546,Rahul Meena,,13/05/2000,26,Male,,,,,,,
S2351,,,9338787708,Anita Rathi,,13/09/1973,52,Female,,,,,,,
S2352,,,9301461287,Saurabh Prajapati,,18/12/2005,20,Male,,,,,,,
S2353,,,9225856301,Naincy Maurya,,17/01/2004,22,Female,,,,,,,
S2354,,,7441175335,Divya Shaktawat,,05/06/2003,23,Female,,,,,,,
S2355,,,6378339351,Pallavi Khanna,,02/09/1989,36,Female,,,,,,,
S2356,,,9983321552,Bhagwati Malav,,20/07/1985,41,Female,,,,,,,
S2357,,,9399234293,Neeraj Rajwade,,27/02/2007,19,Male,,,,,,,
S2358,,,9680164373,Vikas Jain,,25/08/1993,32,Male,,,,,,,
S2359,,,7878063226,Radhe Sharma,,13/09/2008,17,Female,,,,,,,
S2360,,,8290959399,Apurva Shukla,,12/10/1995,30,Female,,,,,,,
S2361,,,9425173480,Soumya Patel,,13/09/2000,25,Female,,,,,,,
S2362,,,6299510164,Mahima Rant,,13/01/2004,22,Female,,,,,,,
S2363,,,9887408434,Lata Rajoria,,03/05/1971,55,Female,,,,,,,
S2364,,,8082114680,Riya Verma,,22/02/2004,22,Female,,,,,,,
S2365,,,7737992318,Ritika Shah,,09/02/1999,27,Female,,,,,,,
S2366,,,8003065472,Aishwarya,,13/09/1999,26,Female,,,,,,,
S2367,,,7479995406,Affan Shamin,,08/08/2008,18,Male,,,,,,,
S2368,,,8769596167,Reena Choudhary,,22/11/2003,22,Female,,,,,,,
S2369,,,8949852644,Faizan Ahemed,,18/09/1994,31,Male,,,,,,,
S2370,,,9462414990,Faim Akthar,,19/12/1993,32,Male,,,,,,,
S2371,,,9024282881,Pankaj Kushwaha,,14/05/2001,25,Male,,,,,,,
S2372,,,8899178445,Chahat Rajput,,04/04/2005,21,Female,,,,,,,
S2373,,,9413166720,Apurva Buliwal,,18/10/2000,25,Female,,,,,,,
S2374,,,6375681138,Ritika,,10/08/1997,29,Female,,,,,,,
S2375,,,8619254374,Juhi Sayani,,07/11/2001,24,Female,,,,,,,
S2376,,,7976387288,Sanjay Singh,,20/05/1991,35,Male,,,,,,,
S2377,,,8949265035,Chitrakshi,,21/12/1997,28,Female,,,,,,,
S2378,,,9758359511,Sonu Kumar,,01/07/1994,32,Male,,,,,,,
S2379,,,9685805199,Divya Manjhi,,20/08/1992,34,Female,,,,,,,
S2380,,,7878469947,Aman Bhardwaj,,23/09/2000,25,Male,,,,,,,
S2381,,,7023250567,Palak Sharma,,29/05/2004,22,Female,,,,,,,
S2382,,,7850921973,Midhad,,14/01/2001,25,Female,,,,,,,
S2383,,,9460971255,Anushka,,05/04/2010,16,Female,,,,,,,
S2384,,,9785032619,Shenaz Bano,,23/09/1985,40,Female,,,,,,,
S2385,,,6376563263,Yogendra Yogi,,29/07/2004,22,Male,,,,,,,
S2386,,,6377849139,Radhika Nama,,19/03/2006,20,Female,,,,,,,
S2387,,,9587599393,Prince Meena,,10/08/1993,33,Male,,,,,,,
S2388,,,9785952390,Tanuja Swami,,19/11/1998,27,Female,,,,,,,
S2389,,,9166659120,Aakansha Sharma,,14/01/1992,34,Female,,,,,,,
S2390,,,7410848848,Mohd Sadik,,11/09/1992,33,Male,,,,,,,
S2391,,,7567495559,Dimple Chourasia,,12/11/1979,46,Female,,,,,,,
S2392,,,,Pratima Prince,,07/10/2002,23,Female,,,,,,,
S2393,,,8619366209,Jyoti Banjara,,01/01/2008,18,Female,,,,,,,
S2394,,,8107694657,Shashank Mehta,,28/05/1999,27,Female,,,,,,,
S2395,,,6367977295,Ankita Choudhary,,30/07/2002,24,Female,,,,,,,
S2396,,,7728855299,Jaipal Singh,,28/04/1987,39,Male,,,,,,,
S2397,,,8889688937,Aaushi Singh,,21/12/2011,14,Female,,,,,,,
S2398,,,8874750475,Siddharth Gautam,,01/01/2004,22,Male,,,,,,,
S2399,,,9717092696,Misha Arora,,25/12/1985,40,Female,,,,,,,
S2400,,,8905299094,Aayansh Jain,,13/10/2008,17,Male,,,,,,,
S2401,,,8279461767,Yashu,,05/01/2007,19,Male,,,,,,,
S2402,,,9760883718,Parul Verma,,11/08/1984,42,Female,,,,,,,
S2403,,,9755771611,Krishna Singh,,15/07/1986,40,Male,,,,,,,
S2404,,,8107105653,Bhawana Chouhan,,13/10/1998,27,Female,,,,,,,
S2405,,,7976728334,Dr Riya Babal,,15/12/1997,28,Female,,,,,,,
S2406,,,7300285234,Dr Raksha Lamba,,16/08/1997,29,Female,,,,,,,
S2407,,,8795607149,Akash Singh,,02/07/2007,19,Male,,,,,,,
S2408,,,9772521275,Sarthak Verma,,06/08/2008,18,Male,,,,,,,
S2409,,,9529988622,Rohit Lalwani,,13/10/1994,31,Male,,,,,,,
S2410,,,9118433097,Saif Farooqi,,20/08/2006,20,Male,,,,,,,
S2411,,,6375656240,Alisha Shivnani,,21/06/1998,28,Female,,,,,,,
S2412,,,9119146125,Raja Tanwar,,04/06/1995,31,Male,,,,,,,
S2413,,,8741056951,Vinita Chauhan,,10/09/1993,32,Female,,,,,,,
S2414,,,7221032072,Vinay Garg,,15/11/2006,19,Male,,,,,,,
S2415,,,7597867828,Taruna Singhal,,07/07/1999,27,Female,,,,,,,
S2416,,,7850998766,Kanishka Sharma,,18/05/2008,18,Female,,,,,,,
S2417,,,9142159604,Sachin Kumar Singh,,21/08/2005,21,Male,,,,,,,
S2418,,,9468590744,Muklesh Kanwar,,10/06/1987,39,Male,,,,,,,
S2419,,,,Dr Laxmi Aggarwal,,13/10/1980,45,Female,,,,,,,
S2420,,,8290825371,Aanya Agarwal,,24/01/2014,12,Female,,,,,,,
S2421,,,9399497044,Anita Yadav,,13/10/2025,0,Female,,,,,,,
S2422,,,,Meghna Sharma,,13/10/2007,18,Female,,,,,,,
S2423,,,,Aamna Begam,,13/10/1975,50,Female,,,,,,,
S2424,,,,Ashwni Sharma,,13/10/1980,45,Female,,,,,,,
S2425,,,8946961415,Ritika Jain,,13/10/1997,28,Female,,,,,,,
S2426,,,9931014316,Biplav Kumar,,23/01/2007,19,Female,,,,,,,
S2427,,,9834401254,Prajakta Deshpande,,13/10/1997,28,Female,,,,,,,
S2428,,,8949345722,Sahil Ahmed,,23/01/2000,26,Male,,,,,,,
S2429,,,9782943528,Neelam Meena,,09/12/1993,32,Female,,,,,,,
S2430,,,7481822703,Ranjan Raj,,23/10/2007,18,Male,,,,,,,
S2431,,,,Rinki Gosai,,14/06/1998,28,Female,,,,,,,
S2432,,,8889688937,Ananya Singh,,24/03/2007,19,Female,,,,,,,
S2433,,,6378130918,Anshika Jain,,05/10/2000,25,Female,,,,,,,
S2434,,,7440474952,Balveer Kushwaha,,23/10/2025,0,Male,,,,,,,
S2435,,,9269349003,Shardha,,25/04/1990,36,Female,,,,,,,
S2436,,,8090347551,Sargu Bsi,,23/10/1987,38,Female,,,,,,,
S2437,,,7230907105,Sandhya Soni,,20/05/1987,39,Female,,,,,,,
S2438,,,8114185827,Kamal Singh,,13/06/1999,27,Male,,,,,,,
S2439,,,9829780478,Moon Agarwal,,23/10/2008,17,Female,,,,,,,
S2440,,,9667445145,Kalpana Agarwal,,08/03/1990,36,Female,,,,,,,
S2441,,,7878755697,Abhimanyu Jha,,25/12/2001,24,Male,,,,,,,
S2442,,,9910593705,Devika Sharma,,23/10/1997,28,Female,,,,,,,
S2443,,,7727992201,Chitra Saini,,23/11/2007,18,Female,,,,,,,
S2444,,,8302526512,Vaishali Chandna,,09/04/2001,25,Female,,,,,,,
S2445,,,7879310903,Shashank Dewangam,,14/07/2007,19,Male,,,,,,,
S2446,,,6260827561,Kausin,,23/10/2025,0,Male,,,,,,,
S2447,,,6350371016,Sofina Parveen,,04/04/1996,30,Female,,,,,,,
S2448,,,8239133539,Praveen,,09/09/2000,25,Female,,,,,,,
S2449,,,6378055060,Akanksh Suman,,23/02/1993,33,Male,,,,,,,
S2450,,,8058152902,Harshit Goswami,,01/08/2001,25,Male,,,,,,,
S2451,,,6376579836,Anushka Sharma,,06/12/2003,22,Female,,,,,,,
S2452,,,8003126837,Kunal Jain,,01/06/2003,23,Male,,,,,,,
S2453,,,9055717777,Minakshi Rajput,,23/12/2002,23,Female,,,,,,,
S2454,,,7054019485,Prathamesh D Judhav,,05/08/2008,18,Male,,,,,,,
S2455,,,9131382470,Balkrishna,,11/05/1991,35,Male,,,,,,,
S2456,,,9336809297,Samriddhi Shukla,,23/07/2006,20,Female,,,,,,,
S2457,,,9057659921,Paramjeet Kaur,,06/01/1987,39,Female,,,,,,,
S2458,,,9784623507,Fatima Sherwani,,13/03/2007,19,Female,,,,,,,
S2459,,,9582470053,Love Aanand,,02/03/1994,32,Female,,,,,,,
S2460,,,,Jaya Mangal,,01/11/1990,35,Female,,,,,,,
S2461,,,9257145792,Divya Nagar,,01/11/2005,20,Female,,,,,,,
S2462,,,7014281134,Manreet Kaur,,25/07/1985,41,Female,,,,,,,
S2463,,,9956592819,Khushboo Meena,,08/08/1998,28,Female,,,,,,,
S2464,,,9587582762,Heena,,27/05/1985,41,Female,,,,,,,
S2465,,,7023186244,Atharva Chaturvedi,,12/12/2012,13,Male,,,,,,,
S2466,,,6376292450,Shakuntala Mehra,,01/11/1990,35,Female,,,,,,,
S2467,,,8824680920,Tushar Verma,,26/09/2006,19,Male,,,,,,,
S2468,,,7000341623,Sapna Choudhary,,08/11/1998,27,Female,,,,,,,
S2469,,,7410848848,Muskan,,01/07/1998,28,Female,,,,,,,
S2470,,,8279246210,Aishwarya Regis,,22/11/1999,26,Female,,,,,,,
S2471,,,8529380582,Arshi Farooq,,14/08/2003,23,Female,,,,,,,
S2472,,,7976666716,Nikhar Sharma,,22/08/1996,30,Male,,,,,,,
S2473,,,9900763918,Dhiganth Kumar,,25/12/2009,16,Male,,,,,,,
S2474,,,7404085530,Neha Sharma,,05/08/2004,22,Female,,,,,,,
S2475,,,8949830714,Rana Tabassum,,16/05/1975,51,Female,,,,,,,
S2476,,,8467926795,Neha Phalswal,,17/09/1994,31,Female,,,,,,,
S2477,,,8619420496,Upma Saxena,,24/03/1970,56,Female,,,,,,,
S2478,,,9122897693,Aradhana Yadav,,06/05/2000,26,Female,,,,,,,
S2479,,,7877711146,Vinit Prajapati,,10/02/1998,28,Male,,,,,,,
S2480,,,9855936588,Saanvi Patel,,14/06/2013,13,Female,,,,,,,
S2481,,,7737471784,Naman Kumar,,05/07/1999,27,Male,,,,,,,
S2482,,,9079920719,Parul Bhardwaj,,15/11/1977,48,Female,,,,,,,
S2483,,,9910350132,Priyanka Meena,,18/07/1983,43,Female,,,,,,,
S2484,,,8690029486,Vedanshu Nagar,,15/11/1998,27,Male,,,,,,,
S2485,,,7091594719,Mukhatar Alam,,01/01/2006,20,Male,,,,,,,
S2486,,,9057859986,Rinku Meena,,17/06/1991,35,Female,,,,,,,
S2487,,,9929572661,Sunita Pandey,,28/04/2007,19,Female,,,,,,,
S2488,,,9926650251,Monu Kiran,,29/12/2007,18,Male,,,,,,,
S2489,,,8302865966,Fateema Rangwala,,18/12/2004,21,Female,,,,,,,
S2490,,,7073340205,Pratiksha Jakhar,,02/10/2003,22,Female,,,,,,,
S2491,,,8058637860,Fiza Khanam,,08/06/2001,25,Female,,,,,,,
S2492,,,6350383367,Ankit Kirad,,16/01/2003,23,Male,,,,,,,
S2493,,,9206271039,Keerthanaa K,,15/10/2000,25,Female,,,,,,,
S2494,,,7866844104,Md Rana,,07/02/2004,22,Female,,,,,,,
S2495,,,7999293003,Riza Ali,,27/08/2013,12,Female,,,,,,,
S2496,,,6350448522,Mayank Meena,,14/10/2009,16,Male,,,,,,,
S2497,,,7976276148,Nargis,,27/11/1981,44,Female,,,,,,,
S2498,,,9257799284,Devendra Kumawat,,23/05/2007,19,Male,,,,,,,
S2499,,,9752416806,Mamta Mahawar,,01/07/1985,41,Female,,,,,,,
S2500,,,,Subhi Medestudet,,14/01/2002,24,Female,,,,,,,
S2501,,,9625612705,Dr Daksh Singh,,13/05/1999,27,Male,,,,,,,
S2502,,,7014642201,Tanisha Saini,,15/04/2006,20,Female,,,,,,,
S2503,,,7014642201,Meena Saini,,06/07/1986,40,Female,,,,,,,
S2504,,,6264822017,Sanya Singh,,01/10/2001,24,Male,,,,,,,
S2505,,,9110970889,Dipesh Shankar,,14/02/2008,18,Male,,,,,,,
S2506,,,8968814766,Shivansh Saxena,,30/07/2008,18,Male,,,,,,,
S2507,,,8209507616,Alfiya Qureshi,,09/05/2004,22,Female,,,,,,,
S2508,,,8209507616,Khushnuma Qureshi,,08/04/2000,26,Female,,,,,,,
S2509,,,7505800154,Priyanka Patel,,06/05/2000,26,Female,,,,,,,
S2510,,,9929614462,Sahil Jain,,28/11/1986,39,Male,,,,,,,
S2511,,,8112201776,Arman Khan,,08/09/2003,22,Male,,,,,,,
S2512,,,9334092266,Toshif Noor,,10/08/2005,21,Male,,,,,,,
S2513,,,8905425199,Junis,,10/08/1995,31,Female,,,,,,,
S2514,,,8299007020,Mahir Yadav,,07/09/2007,18,Male,,,,,,,
S2515,,,8191920499,Mahak Gunwant,,23/03/2005,21,Female,,,,,,,
S2516,,,9596134369,Padma Chosdon,,18/01/2008,18,Female,,,,,,,
S2517,,,8890988988,Vinay Jain,,01/12/1983,42,Male,,,,,,,
S2518,,,9983041026,Sunil Jangid,,09/01/2005,21,Male,,,,,,,
S2519,,,9166110099,Rajesh Gini,,24/12/1999,26,Male,,,,,,,
S2520,,,8000182412,Faizan,,15/01/2005,21,Male,,,,,,,
S2521,,,8005639558,Naushad,,20/11/2000,25,Male,,,,,,,
S2522,,,7415668586,Nainshi Gupta,,12/12/2005,20,Female,,,,,,,
S2523,,,6375293136,Rinku Meena,,04/01/2005,21,Female,,,,,,,
S2524,,,9982138820,Satpal Singh,,13/08/1987,39,Male,,,,,,,
S2525,,,9571106528,Dishu,,16/01/2005,21,Male,,,,,,,
S2526,,,7903497028,Rajesh Kumar,,01/03/2004,22,Male,,,,,,,
S2527,,,9636413835,Dr Kriti Goyal,,10/03/1995,31,Female,,,,,,,
S2528,,,8448234599,Shubhanshi Sisodiya,,02/04/1999,27,Female,,,,,,,
S2529,,,9148523641,Arshi Khan,,07/03/1998,28,Female,,,,,,,
S2530,,,7732922008,Jiya Jain,,08/01/2009,17,Female,,,,,,,
S2531,,,9716589177,Janvi Kashyap,,21/09/1991,34,Female,,,,,,,
S2532,,,6206444845,Rishi Kashyap,,06/07/2008,18,Male,,,,,,,
S2533,,,8905479618,Rukmani Meena,,03/08/1974,52,Female,,,,,,,
S2534,,,9214435343,Sapna Tahiliani,,10/12/1960,65,Female,,,,,,,
S2535,,,9825094719,Riya Khinchi,,13/01/2008,18,Female,,,,,,,
S2536,,,7737190664,Foram Ashar,,15/12/1992,33,Male,,,,,,,
S2537,,,9322523722,Ovi Sonawane,,22/09/2011,14,Male,,,,,,,
S2538,,,7973846601,Shyam Sahu,,01/09/1987,38,Female,,,,,,,
S2539,,,9521612344,Chirag Mahaver,,10/12/2003,22,Male,,,,,,,
S2540,,,7014143655,Shahla Khan,,28/09/1978,47,Female,,,,,,,
S2541,,,7999293003,Imran Ali,,14/12/1988,37,Male,,,,,,,
S2542,,,6267389680,Nitesh Dangi,,30/05/2006,20,Male,,,,,,,
S2543,,,9214562245,Tanveer,,01/05/1985,41,Female,,,,,,,
S2544,,,7803805248,Mansi Verma,,14/02/2006,20,Female,,,,,,,
S2545,,,9636473123,Anuj Sahu,,01/06/2000,26,Male,,,,,,,
S2546,,,9214978711,Paras Jain,,19/12/1978,47,Male,,,,,,,
S2547,,,8955225904,Shreyansh Maheshwari,,12/10/2008,17,Male,,,,,,,
S2548,,,9214978711,Mona Jain,,19/12/1977,48,Female,,,,,,,
S2549,,,9530394894,Amisha Maheshwari,,18/11/1997,28,Female,,,,,,,
Age,,,7740858305,Prashant Chauhan,,24/12/1997,28,Male,,,,,,,
S2551,,,7300413764,Riya Yadav,,07/08/2009,17,Female,,,,,,,
S2552,,,8829810808,Saurabh Aimrec,,01/07/2002,24,Male,,,,,,,
S2553,,,7091479831,Akash Kumar,,18/12/2004,21,Male,,,,,,,
S2554,,,8058137358,Suman Kumari,,08/08/1991,35,Female,,,,,,,
S2555,,,8453607777,Tasmiya Jilani,,06/03/2004,22,Female,,,,,,,
S2556,,,9829841565,Dr Priya Nagar,,13/07/1995,31,Female,,,,,,,
S2557,,,8169161982,Shrey Jain,,27/10/1993,32,Male,,,,,,,
S2558,,,9928538258,Meena Chaudhary,,07/09/1960,65,Female,,,,,,,
S2559,,,6385550589,Minu,,04/08/2003,23,Female,,,,,,,
S2560,,,7073808555,Payal Verma,,19/05/1997,29,Female,,,,,,,
S2561,,,9310099788,Prabhat Kiran,,22/09/1992,33,Female,,,,,,,
S2562,,,9414093283,Uma Bharti Meena,,02/10/1996,29,Female,,,,,,,
S2563,,,9649999101,Preeti Dadhich,,29/12/1982,43,Female,,,,,,,
S2564,,,9828016041,Kunal Dadhich,,18/05/2010,16,Male,,,,,,,
S2565,,,9411164723,kalpana bhargav,,03/01/1976,50,Female,,,,,,,
S2566,,,7668593228,Sarthak Chaudhary,,03/01/2008,18,Male,,,,,,,
S2567,,,8237513522,Ganishta Chaware,,28/03/2004,22,Female,,,,,,,
S2568,,,7665010855,Dinesh Rawal,,11/12/1990,35,Male,,,,,,,
S2569,,,8690599553,Kunal Krishna,,03/01/2011,15,Male,,,,,,,
S2570,,,6350610116,Aditya Agarwal,,19/12/2007,18,Male,,,,,,,
S2571,,,9145862117,Divyanshu Meghwanshi,,05/06/2002,24,Male,,,,,,,
S2572,,,9166249130,Chakshita Hada,,28/05/2002,24,Female,,,,,,,
S2573,,,9549017007,Shardha Sisodiya,,03/01/1971,55,Female,,,,,,,
S2574,,,7388868889,Vijayalaxmi,,03/01/1976,50,Female,,,,,,,
S2575,,,6375088593,Omveer Chaudhary,,30/03/2001,25,Male,,,,,,,
S2576,,,7415125854,Vishesh Sisodiya,,03/01/2012,14,Male,,,,,,,
S2577,,,7415125854,Neelam Sisodiya,,03/01/1983,43,Female,,,,,,,
S2578,,,8503669350,Shyam Sunder Nagar,,,,Male,,,,,,,
S2579,,,8949868293,Ikra Khan,,,,Female,,,,,,,
S2580,,,8690750315,Disha Prajapati,,,,Female,,,,,,,
S2581,,,7425025147,Palak Singhal,,,,Female,,,,,,,
S2582,,,9588278026,Kiran Kumari,,,,Female,,,,,,,
S2583,,,9589598281,Aradhya Singh,,,,Male,,,,,,,
S2584,,12/01/2026 17:30:29,9595083589,Meetali,Jha ,1995-02-25,31,Female,Abcd,Kota,,"Acne / Pimples, ",NO,,
S2585,,12/01/2026 17:51:44,8005862036,Saroj,Devi,1996-08-24,29,Female,NA,Kota,rohitchira@gmail.com,Pigmentation / Melasma,NO,,
,,,,,,,,,,,,,,,
,,,,,,,,,,,,,,,
,,,,,,,,,,,,,,,
,,,,,,,,,,,,,,,
,,,,,,,,,,,,,,,
,,,,,,,,,,,,,,,
,,,,,,,,,,,,,,,
,,,,,,,,,,,,,,,
,,,,,,,,,,,,,,,
,,,,,,,,,,,,,,,
,,,,,,,,,,,,,,,
,,,,,,,,,,,,,,,
,,,,,,,,,,,,,,,
,,,,,,,,,,,,,,,
,,,,,,,,,,,,,,,
,,,,,,,,,,,,,,,
,,,,,,,,,,,,,,,
,,,,,,,,,,,,,,,
,,,,,,,,,,,,,,,
,,,,,,,,,,,,,,,
,,,,,,,,,,,,,,,
,,,,,,,,,,,,,,,
,,,,,,,,,,,,,,,
,,,,,,,,,,,,,,,
,,,,,,,,,,,,,,,
,,,,,,,,,,,,,,,
,,,,,,,,,,,,,,,
,,,,,,,,,,,,,,,
,,,,,,,,,,,,,,,
,,,,,,,,,,,,,,,
,,,,,,,,,,,,,,,
,,,,,,,,,,,,,,,
,,,,,,,,,,,,,,,
,,,,,,,,,,,,,,,
,,,,,,,,,,,,,,,
,,,,,,,,,,,,,,,
,,,,,,,,,,,,,,,
,,,,,,,,,,,,,,,
,,,,,,,,,,,,,,,
,,,,,,,,,,,,,,,
,,,,,,,,,,,,,,,
,,,,,,,,,,,,,,,
,,,,,,,,,,,,,,,
,,,,,,,,,,,,,,,
,,,,,,,,,,,,,,,
,,,,,,,,,,,,,,,
,,,,,,,,,,,,,,,
,,,,,,,,,,,,,,,
,,,,,,,,,,,,,,,
,,,,,,,,,,,,,,,
,,,,,,,,,,,,,,,
,,,,,,,,,,,,,,,
,,,,,,,,,,,,,,,
,,,,,,,,,,,,,,,
,,,,,,,,,,,,,,,
,,,,,,,,,,,,,,,
,,,,,,,,,,,,,,,
,,,,,,,,,,,,,,,
,,,,,,,,,,,,,,,
,,,,,,,,,,,,,,,
,,,,,,,,,,,,,,,
,,,,,,,,,,,,,,,
,,,,,,,,,,,,,,,
,,,,,,,,,,,,,,,
,,,,,,,,,,,,,,,
,,,,,,,,,,,,,,,
,,,,,,,,,,,,,,,
,,,,,,,,,,,,,,,
,,,,,,,,,,,,,,,
,,,,,,,,,,,,,,,
,,,,,,,,,,,,,,,
,,,,,,,,,,,,,,,
,,,,,,,,,,,,,,,
,,,,,,,,,,,,,,,
,,,,,,,,,,,,,,,
,,,,,,,,,,,,,,,
,,,,,,,,,,,,,,,
,,,,,,,,,,,,,,,
,,,,,,,,,,,,,,,
,,,,,,,,,,,,,,,
,,,,,,,,,,,,,,,
,,,,,,,,,,,,,,,
,,,,,,,,,,,,,,,
,,,,,,,,,,,,,,,
,,,,,,,,,,,,,,,
,,,,,,,,,,,,,,,
,,,,,,,,,,,,,,,
,,,,,,,,,,,,,,,
,,,,,,,,,,,,,,,
,,,,,,,,,,,,,,,
,,,,,,,,,,,,,,,
,,,,,,,,,,,,,,,
,,,,,,,,,,,,,,,
,,,,,,,,,,,,,,,
,,,,,,,,,,,,,,,
,,,,,,,,,,,,,,,
,,,,,,,,,,,,,,,
,,,,,,,,,,,,,,,
,,,,,,,,,,,,,,,
,,,,,,,,,,,,,,,
,,,,,,,,,,,,,,,
,,,,,,,,,,,,,,,
,,,,,,,,,,,,,,,
,,,,,,,,,,,,,,,
,,,,,,,,,,,,,,,
,,,,,,,,,,,,,,,
,,,,,,,,,,,,,,,
,,,,,,,,,,,,,,,
,,,,,,,,,,,,,,,
,,,,,,,,,,,,,,,
,,,,,,,,,,,,,,,
,,,,,,,,,,,,,,,
,,,,,,,,,,,,,,,
,,,,,,,,,,,,,,,
,,,,,,,,,,,,,,,
,,,,,,,,,,,,,,,
,,,,,,,,,,,,,,,
,,,,,,,,,,,,,,,
,,,,,,,,,,,,,,,
,,,,,,,,,,,,,,,
,,,,,,,,,,,,,,,
,,,,,,,,,,,,,,,
,,,,,,,,,,,,,,,
,,,,,,,,,,,,,,,
,,,,,,,,,,,,,,,
,,,,,,,,,,,,,,,
,,,,,,,,,,,,,,,
,,,,,,,,,,,,,,,
,,,,,,,,,,,,,,,
,,,,,,,,,,,,,,,
,,,,,,,,,,,,,,,
,,,,,,,,,,,,,,,
S2586,,14/01/2026 11:36:59,9011560369,Arjun ,Ingole,28/06/2008,,MALE,Lakhala,Washin,ingolearjun15@gmail.com,,NO,,
S2587,,14/01/2026 18:43:27,8824649926,Samriddhi,Pancholi ,26/07/2006,,Female,Akansha fortune Shakti nagar Kota ,kota,ssamriddhip7@gmail.com,"Acne / Pimples, Dandruff",NO,,
S2588,,14/01/2026 18:53:23,7296905890,Sunil,Choudhary ,25/09/2007,,MALE,Abcd,Kota,,,NO,,
S2589,,14/01/2026 19:08:54,9303337322,Aakansha ,Chauhan ,03/02/1981,,Female,NA,NA,,Hair fall,NO,,
S2590,,14/01/2026 19:10:44,8239759208,Ravi,Meena,05/05/2005,,MALE,NA,NA,,Tattoo removal ,NO,,
S2591,,15/01/2026 12:52:18,9699395238,Ravindra ,Kumar,10/08/2007,,MALE,Anwan kanwash,Kota,ravindrabanjara0007@gmail.com,,NO,,
S2592,,15/01/2026 16:41:48,9799441674,Sana,Kausar,04/01/2006,,Female,Kherliganj atru ,Atru,sana.shaikh87409@gmail.com,,NO,,
S2593,,15/01/2026 16:56:27,9595083589,Madhulika ,Jha,20/11/1968,,Female,NA,Kota,,,NO,,⚠ Already registered: S2584 (Meetali)
S2594,,15/01/2026 17:01:49,8209339514,Surbhi,Kathuria,25/01/1993,,Female,NA,Kota,,"Pigmentation / Melasma, ",NO,,
S2595,,15/01/2026 17:03:48,7014425286,inder singh ,Rajput ,21/07/1994,,MALE,NA,Kota,,,NO,,
S2596,,15/01/2026 17:05:50,9166316631,Alok,Goswami ,01/10/1994,,MALE,NA,Kota ,,,NO,,
S2597,,15/01/2026 17:07:55,9234935480,Anurag ,Pandey ,01/12/2010,,MALE,NA,Kota ,,Acne / Pimples,NO,,
S2598,,15/01/2026 17:09:39,9651997129,Pradeep ,Chaudhary ,04/08/1982,,MALE,Abcd,Abcd,,,NO,,
S2599,,15/01/2026 18:51:34,9610145064,Atharv ,Thakur,11/07/2000,,MALE,A-662 ambedkar colony talwandi ,Kota,atharv12460@gmail.com,,NO,,
S2600,,16/01/2026 12:23:17,9664296497,Rohit ,Prajapati ,08/10/2000,,MALE,NA,Kota,tps.rohitprajapati@gmail.com,"Hair fall, ",NO,,
S2601,,16/01/2026 17:09:32,9588967886,Jairaj,Singh,23/04/2003,,MALE,"H.no 45,Royal Enclave,near Vinayak Resort, Deoli Arab road, Kota",Kota,jairaj.singh23@gmail.com,,NO,,
S2602,,16/01/2026 17:21:15,9155113672,Kalpana,Malto,13/09/2006,,Female,"6-B, New jawahar nagar,main road, Kota",Kota,kalpanamalto856@gmail.com,"Acne / Pimples, Dandruff",NO,,
S2603,,17/01/2026 12:12:50,8619189894,Shivam ,Sen,12/01/2003,,MALE,Santoshi nagar,Kota,,"Acne / Pimples, Pigmentation / Melasma",NO,,
S2604,,17/01/2026 17:11:44,9001178843,Nandini,Jain,20/06/2008,,Female,Bijoliya,Bhilwara,,Pigmentation / Melasma,NO,,
S2605,,17/01/2026 17:38:32,6006194034,Nema ,Lamo,27/06/2007,,Female,Rajeev Gandhi nagar ,Kota,nemalamo222@gamil.com,Acne / Pimples,NO,,
S2606,,17/01/2026 17:54:02,9772755753,Priyanka ,Saxena ,15/01/1986,,Female,2-C-9 Rangbari scheme,Kota,priyankasaxena.2215@gmail.com,"Acne / Pimples, Anti-ageing",NO,,
S2607,,19/01/2026 18:48:12,9530492528,Shaurya,Rastogi,20/11/1996,,Female,Vigyan Nagar,Kota,,Facials,YES,26/11/2026,
S2608,,20/01/2026 11:06:02,7300039857,Niti Singh ,Sisodiya ,01/08/2002,,Female,NA,Jhansi ,,Acne / Pimples,NO,,
S2609,,20/01/2026 12:48:01,9993313487,Shubhi,sharma,14/07/1995,,Female,"Flat no -107, block b , landmark crown,kunhari,kota",Kota,shubhisharma731@gmail.com,,NO,,
S2610,,20/01/2026 17:47:56,9602454184,Parmeshwar ,Meena,15/12/1998,,MALE,Balakund keshpura kota,Kota,parmeshwarm088@gmail.com,Hair fall,NO,,
S2611,,20/01/2026 18:39:45,8824366269,Alka,Verma,01/03/1993,,Female,1-b-12 rang bari yojna,Kota,alkaverma1616@gmail.com,Pigmentation / Melasma,NO,,
S2612,,21/01/2026 18:21:22,8005734525,Charu,Peswani,13/11/1997,,Female,1203- Vivanta appartment ,Kota,peswanicharu13@gmail.com,Acne / Pimples,NO,,
S2613,,22/01/2026 17:19:44,9572890919,Arsh ,Narayan,16/05/2004,,MALE,Coral ,Kita,arshnarayan160504@gmail.com,Hair fall,NO,,⚠ Already registered: S2156 (Arsh Navayan)
S2614,,22/01/2026 18:21:19,9784171836,Divya,Jingar,14/09/2001,,Female,NMCH kota,Kota,divyajingar8@gmail.com,,NO,,
S2615,,22/01/2026 18:35:11,9068523191,Dr garima ,Mangal ,22/10/1997,,Female,Jmau ranpur ,Kota ,garimamangal08@gmail.com,Acne / Pimples,NO,,
S2616,,22/01/2026 19:22:47,9636745228,Pawan ,Suman,04/08/2001,,MALE,Ladpura arandkhera,Kota ,suman.pawanse@gmail.com,Acne / Pimples,NO,,
S2617,,23/01/2026 11:06:43,8001157725,Uttana,Naskar,01/01/1986,,Female,Kota,Kota ,,Hair fall,NO,,
S2618,,23/01/2026 17:27:39,8791652670,Devraj ,Chahar,06/06/2010,,MALE,Kundai Kota Rajasthan ,Kota,,Acne / Pimples,NO,,
S2619,,24/01/2026 11:32:10,9249779603,Paul,Haris,07/11/1982,,MALE,"House no 3
Railway Society
Bajarangnagar",Kota,paulbrotherspkd@gmail.com,,NO,,
S2620,,24/01/2026 17:27:06,9571062275,Rinku ,Sharma ,17/02/1989,,Female,Talwandi kota,Kota ,rinkusharmars1989@gmail.com,Acne / Pimples,NO,,
S2621,,24/01/2026 17:30:55,9602555043,Yasmin ,Khan,11/05/1992,,Female,In front of national hospital kotri,Kota,yasminekhan670@gmail.com,,NO,,
S2622,,25/01/2026 12:42:06,8107338089,Dr kiran,Meena,15/07/1993,,Female,Baran,Baran,dr.kiranmeena09@gmail.com,Acne / Pimples,NO,,
S2623,,26/01/2026 11:29:45,6261376589,Vishnu ,Dhangar,05/05/2003,,MALE,Ranpur kota,Kota,,"Acne / Pimples, Pigmentation / Melasma",NO,,
S2624,,26/01/2026 11:38:44,7357016793,Babli,Nilofar ,01/01/1975,,Female,NA,Kota,,Pigmentation / Melasma,NO,,⚠ Already registered: S1168 (Muskan Nilofar)
S2625,,26/01/2026 11:52:57,9529366146,Neha ,Sharma ,26/01/1989,,Female,No,Kota,,,NO,,
S2626,,26/01/2026 17:54:15,8118863914,Neelesh ,Gothania,24/04/1989,,MALE,"980-981, vivekanand Nagar ",Kota,mr.neelesh.gothania@gmail.com,"Pigmentation / Melasma, Anti-ageing",NO,,
S2627,,27/01/2026 13:42:05,9772665784,Kostubh ,Bhardwaj ,25/09/1997,,Female,Rajeev Gandhi nagar ,Kota,,Acne / Pimples,YES,14/02/2026,
S2628,,27/01/2026 17:36:07,8959040683,Udit,Patidar,08/10/2009,,MALE,Bl residency road mahadev tower,Kota,yogeshpatidar4444@gmail.com,"Acne / Pimples, Pigmentation / Melasma",NO,,
S2629,,27/01/2026 19:09:11,8949517238,Farheen,Ansari,11/05/1993,,Female,Borkhera kota,Kota,,Dark circles ,NO,,
S2630,,28/01/2026 12:02:35,9983999010,Aparna ,Bathi ,06/11/1977,,Female,Kota ,Kota,,,NO,,
S2631,,28/01/2026 12:35:14,7976135303,Manju,A,15/06/1980,,Female,Kota,Kota ,,Pigmentation / Melasma,NO,,
S2632,,28/01/2026 17:11:51,8290062406,Jyoti,Meena,18/08/1993,,Female,Bajrang nagar,Kota,,"Acne / Pimples, Pigmentation / Melasma",YES,20/02/2026,
S2633,,28/01/2026 17:24:07,9001359238,Manju ,Bai,01/01/1980,,Female,Aark Puram ,Kota,,Pigmentation / Melasma,NO,,
S2634,,29/01/2026 18:08:48,9238739991,Mishka ,Jain,28/04/2008,,Female,256 pragya aastha girls hostel old Rajeev Gandhi nagar ,Kota,mishkajain100@gmail.com,Acne / Pimples,NO,,
S2635,,29/01/2026 18:23:11,9001359238,Manju,Bai,29/01/1979,,Female,Abcd,Kota,,,NO,,⚠ Already registered: S2633 (Manju )
S2636,,30/01/2026 16:54:03,7230000461,Moinuddin ,Monu,15/10/2000,,MALE,Dadabari ,Kota,moinkkhan11@gmail.com,Acne / Pimples,YES,31/01/2026,
S2637,,31/01/2026 11:08:07,8302689166,Baal,Kishan ,15/06/1996,,MALE,Kota,Kota,,,NO,,
S2638,,31/01/2026 11:56:45,9772164784,Dhananjay ,Barwal,16/04/2009,,MALE,2-D talwandi ,Kota ,gmeena802@gmail.com,"Acne / Pimples, Hair fall",NO,,
S2639,,31/01/2026 12:49:42,8619513608,Ashun,Sharma ,02/09/1995,,Female,Kishore pura kota,Kota ,,Facial ,YES,04/02/2026,⚠ Already registered: S186 (Anuj Sharma)
S2640,,31/01/2026 13:08:16,7599062355,Shahnaz ,Anjum,31/01/1990,,Female,Vigyan nagar ,Kota,mohdkhizar676@gamil.com,Acne / Pimples,NO,,
S2641,,31/01/2026 17:04:06,7085778827,Sanchita,Banik,05/05/1988,,Female,Jawahar Nagar ,Kota,,,NO,,
S2642,,31/01/2026 19:10:11,7500806009,Ashish,Kumar,26/07/2000,,MALE,Military station ,Kota,ashishrajput7500@gmail.com,,NO,,
S2643,,01/02/2026 12:32:50,8106720202,Sanjeev,Singh,27/04/1979,,MALE,Vigyan Nagar,Kota,sanjeev.datagen@gmail.com,Anti-ageing,NO,,
S2644,,02/02/2026 13:01:13,7568721019,Anupama,Kaushal ,12/01/1997,,Female,Kota,Kota,,,NO,,
S2645,,02/02/2026 13:03:35,8106720202,Yatghasthi,Singh,01/01/2013,,Female,No,Kota,,Hair fall,NO,,⚠ Already registered: S2643 (Sanjeev)
S2646,,02/02/2026 13:05:50,8106720202,Kanika ,Manchandani,23/11/1983,,Female,Kota,Kota,,Pigmentation / Melasma,NO,,⚠ Already registered: S2643 (Sanjeev)
S2647,,02/02/2026 13:08:23,7229911500,insha,Khan,22/05/2006,,Female,Kota ,Kota,,Acne / Pimples,NO,,
S2648,,02/02/2026 18:23:06,8696574670,Nishtha,Marag,24/10/1998,,Female,573  A Talwandi kota,Kota,,"Acne / Pimples, Pigmentation / Melasma",NO,,
S2649,,02/02/2026 18:44:48,9649158499,Muskan,Qureshi ,14/06/1998,,Female,Jhotwara,Jaipur,muskaankureshi14@gmail.com,Facial hair ,NO,,
S2650,,03/02/2026 11:57:46,9413474356,Jheel,Trigunayat ,01/02/2008,,Female,305-B shrinath residency mbs nagar station road kota,Kota,neelut16@gmail.com,Acne / Pimples,YES,08/02/2026,
S2651,,04/02/2026 11:20:25,7742916359,Mukesh,Jaat,05/06/2006,,MALE,No,Kota ,mukeshdheru09@gmail.com,"Acne / Pimples, Pigmentation / Melasma",NO,,
S2652,,04/02/2026 12:05:07,7568178911,Jitendra ,Singh ,28/04/1999,,MALE,Kota,Kota,,,NO,,
S2653,,05/02/2026 11:29:06,8619118976,Jaideep ,Singh,02/10/2006,,MALE,Kota,Kota,,,NO,,
S2654,,06/02/2026 12:48:59,9996604225,Khushi,Goswami,12/08/2008,,Female,Aashirwad vaibhav 107A talwandi circle,Kota ,khushi12@gmail.com,Skin tags ,NO,,⚠ Already registered: S1317 (Jyoti)
S2655,,06/02/2026 16:34:13,7727948809,Parul,Mishra,14/08/1996,,Female,"A-702, deepshree suyog, Swami Vivekanand nagar",Kota,mkusum299@gmail.com,,YES,25/02/2026,
S2656,,07/02/2026 12:25:28,9352382523,Sunita ,Meena ,01/01/1990,,Female,Suket ,Suket ,,,NO,,
S2657,,07/02/2026 12:36:37,9216872280,Neha ,Dixit,22/08/1996,,Female,Station ,Kota,minidixit1996@gmail.com,"Acne / Pimples, Pigmentation / Melasma, Hair fall, Dandruff",YES,15/02/2026,
S2658,,07/02/2026 12:46:48,8955203767,Tushar ,Singh,02/10/2004,,MALE,Rangbari Balaji mandir ke pass ,Kota,nanu4387@gmail.com,,YES,10/02/2026,
S2659,,08/02/2026 11:24:24,9166727300,Ruchi,Doultani,04/01/1993,,Female,Nainwa road bahadur singh circle bundi,Bundi,ruchidoultani@gmail.com,Facial ,YES,12/02/2026,
S2660,,08/02/2026 11:26:31,9166727300,Raghav ,Bahedia,28/07/1992,,MALE,1 g 6 vikas nagar ,Bundi,,Facial ,YES,12/02/2026,⚠ Already registered: S2659 (Ruchi)
S2661,,09/02/2026 12:57:32,9226154730,Prakshit,Sakhare,05/08/2009,,MALE,Ranpur,Kota,prakshitsakhare@gmail.com,Acne / Pimples,NO,,
S2662,,09/02/2026 18:03:02,7877247312,Heena,Shaktawat,01/07/2003,,Female,"Mukhiya ji ki gali, nahar ka chohatta, bundi(raj.)",Bundi,heenashaktawat01@gmail.com,Acne / Pimples,NO,,
S2663,,09/02/2026 18:58:14,9528500257,Rita ,Yadav,01/08/1983,,Female,Talwandi ,Kota,,Pigmentation / Melasma,NO,,
S2664,,10/02/2026 11:28:07,8440993929,Nidhi,Panchal,18/03/1998,,Female,R.k.puram kota ,Kota,panchal1998nidhi@gmail.com,Acne / Pimples,YES,19/02/2026,
S2665,,11/02/2026 11:15:14,9660274333,Girija ,Suman,20/08/1984,,Female,Keshoraypathan ,Kota ,,,NO,,
S2666,,11/02/2026 13:44:51,7728058548,Soniya ,Naye,11/02/1997,,Female,Anandpur ,Kota ,,Pigmentation / Melasma,NO,,
S2667,,12/02/2026 17:54:43,7410854621,Golu ,Meena,07/05/2002,,MALE,"Talwandi,kota",Kota,golum1503@gmail.com,"Acne / Pimples, Pigmentation / Melasma",NO,,
S2668,,12/02/2026 18:26:24,9460006169,Aruna,Sharma,11/09/1977,,Female,Borkhera,Kota,arunagalav@gmail.com,"Acne / Pimples, Pigmentation / Melasma",NO,,
S2669,,13/02/2026 17:05:10,9575545735,Saroj ,Patidar,12/05/1987,,Female,Rajiv Gandhi Nagar ,Kota,,"Acne / Pimples, Pigmentation / Melasma",YES,25/02/2026,
S2670,,13/02/2026 17:46:12,8769215596,Nikk,Nagar,30/08/2008,,MALE,Gandhi colony gurunanak housing ,Kota,smwnikk@gmail.com,,NO,,
S2671,,13/02/2026 18:22:51,8209482153,Ishana,Mansoori,08/12/2006,,Female,Hno.831 chawani ,Kota ,ishanamansoori60@gmail.com,,NO,,
S2672,,13/02/2026 19:16:35,8209507311,Rahul,Verma,27/09/1995,,MALE,"Rangbari Yojna, Kota",Kota,rahul.verma259@gmail.com,"Pigmentation / Melasma, Hair fall, Dandruff",YES,30/04/2026,
S2673,,17/02/2026 17:44:38,6376119513,Palash ,Ahuja ,26/09/2002,,MALE,Kota ,Kota ,,,NO,,
S2674,,17/02/2026 17:45:39,8875521085,Chanchal ,Rathore ,01/05/2004,,Female,Vigyan nagar ,Kota ,,,NO,,
S2675,,19/02/2026 11:48:18,8875799111,Priyanka ,Akodiya,09/05/1994,,Female,"R4/105 kalisindh thermal colony,jhalawar,undal, jhalarapatan, jhalawar district",Kota,priyankaakodiya9@gmail.com,"Acne / Pimples, Pigmentation / Melasma, Anti-ageing",NO,,
S2676,,19/02/2026 16:51:40,7633086297,Shweta ,N,23/08/1997,,Female,Kota,Kota,,,NO,,
S2677,,19/02/2026 18:09:55,7600903692,Kirti,Sharma,03/03/1996,,Female,Station Main Road ,Kota,,"Acne / Pimples, Pigmentation / Melasma",YES,20/04/2026,
S2678,,19/02/2026 18:27:20,9588287189,Anjali,Meena,12/02/2001,,Female,"172, near Indira Gandhi statue, gobriya bawri ",Kota,anjalimeena12022001@gmail.com,"Acne / Pimples, Pigmentation / Melasma",NO,,
S2679,,19/02/2026 18:50:31,8078609756,Himanshu ,Mehra,07/03/1998,,MALE,D/15 Nanda ji bari shubas colony kherli phatak Kota Rajasthan ,Kota,hamantmehra88@gmail.com,Acne / Pimples,NO,,
S2680,,20/02/2026 18:51:28,6377086764,Man ,Kanwar,01/01/1976,,Female,Jai shree vihar thegda ,Kota,,Pigmentation / Melasma,NO,,
S2681,,21/02/2026 12:20:06,9680184575,Uttam ,Naskar,13/10/2008,,MALE,F663 sadhya siddhi apartments Indira vihar,Kota,naskaruttam018@gmail.com,Pigmentation / Melasma,NO,,
S2682,,21/02/2026 12:43:08,7679983643,Monit,Mazumder,02/10/2008,,MALE,F-663 Sadhiya siddhi apartments Indira vihar Kota,Kota,monitmazumder@gmail.com,,NO,,
S2683,,22/02/2026 11:55:52,7568294770,Stuti,Mangal,26/01/2001,,Female,"Sadar bazar, Deoli, Rajasthan",Deoli,stutimangal1626@gmail.com,Moles removal,YES,28/03/2026,
S2684,,22/02/2026 12:08:09,9784677889,Priya ,Mathur,05/07/1992,,Female,"180, pratap nagar, dadabari ",Kota,mathurpriya07@gmail.com,"Acne / Pimples, Hydrafacial ",YES,25/02/2026,
S2685,,22/02/2026 12:42:55,8058487526,Bhavna,Sharma,07/08/1985,,Female,3-g-18 mahaveer Nagar third,Kota,bhawana192000@yahoo.com,,NO,,
S2686,,23/02/2026 17:16:11,8955530467,Naina,Malviya,05/09/2000,,Female,2.G.10.RK Puran-e ,Kota ,nishamalviya305@gmail.com,,NO,,
S2687,,23/02/2026 17:31:14,9528952425,Deenu,Saifi,29/03/2006,,MALE,Landmark city,Kota,dm948456@gmail.com,"Acne / Pimples, Pigmentation / Melasma",YES,25/02/2026,
S2688,,24/02/2026 11:57:32,9462815177,Arogya,Garg,20/12/1996,,MALE,B-31 Shubh Aangan Colony ,Kota,,"Pigmentation / Melasma, Dullness",YES,27/03/2026,
S2689,,24/02/2026 18:53:11,6377750309,Khushi,Sharma,24/06/2005,,Female,112 Balaji awas2 Deoli Arab road borkhera kota,Kota,khhushiisharma013@gmail.com,Acne / Pimples,YES,27/04/2026,
S2690,,25/02/2026 11:44:00,9413733589,Anita,Pareek,04/02/1964,,Female,Kota,Kota,,Hair fall,NO,,
S2691,,26/02/2026 12:46:02,8003896694,Geet,Sharma,21/07/1989,,MALE,A-20 North X Township ,Kota,,Pigmentation / Melasma,NO,,
S2692,,27/02/2026 19:36:32,9929353693,Santosh,Meena,22/02/1992,,Female,Cbi fatak ,Jaipur ,,"Pigmentation / Melasma, ",NO,,
S2693,,28/02/2026 18:54:48,9529988622,Kajal,Lalwani,12/04/1997,,Female,Kota,Kota ,,Laser,NO,,⚠ Already registered: S2409 (Rohit Lalwani)
S2694,,03/03/2026 13:22:57,9582729170,Vipul,Gupta,07/07/1994,,MALE,"166 Rajeev Gandhi Nagar, opposite kamla residency, kota",Kota,007.vipulgupta@gmail.com,Acne / Pimples,YES,09/03/2026,
S2695,,05/03/2026 11:14:35,8088745091,Aman ,Jain,05/03/2003,,MALE,"Singoli,Madhya pradesh ",Singoli,aman.jain.5503@gmail.com,"Acne / Pimples, Anti-ageing",NO,,
S2696,,05/03/2026 17:42:53,9358016089,Vandana,Verma,24/12/1987,,Female,1/115 Ganesh talab,Kota,,Acne / Pimples,YES,31/03/2026,
S2697,,06/03/2026 12:36:21,6207383061,Gita,Anand,17/10/2005,,Female,R K Residency,Kota,,"Pigmentation / Melasma, Hair fall, Dandruff",YES,31/03/2026,
S2698,,06/03/2026 19:17:31,9644366388,Toshi,Upadhyay,11/09/1987,,Female,"297,royal krishna bungalow ",Indore,,,NO,,
S2699,,09/03/2026 12:34:14,9929105482,Gopal,Gurjar ,17/12/2007,,MALE,Kota Rajasthan Borabas ,Kota,gopaltanwaryt@gmail.com,Tatto Remove,NO,,
S2700,,09/03/2026 17:50:13,7489426808,Rajvinder kaur,Raaz,09/03/2026,,Female,Kundai ,Kota,,,NO,,
S2701,,09/03/2026 19:15:24,6205700870,Pooja ,Yadav ,17/12/1986,,Female,Talwandi,Kota,,Pigmentation / Melasma,NO,,
S2702,,09/03/2026 19:18:20,9024302639,Pallavi ,Malav,08/12/2004,,Female,Talwandi ,Kota,,"Acne / Pimples, Hair fall, Dandruff",NO,,
S2703,,10/03/2026 17:49:34,6203637217,Shweta ,Gupta ,06/03/1979,,Female,Mahaveer Nagar 1st,Kota,,Pigmentation / Melasma,NO,,
S2704,,11/03/2026 16:50:37,9216548667,Neha vijay,Vijay,20/11/2000,,Female,"23/121,lal nehru pada saray ka sthan",Kota,nv20112000@gmail.com,Acne / Pimples,NO,,
S2705,,12/03/2026 18:08:46,6376697872,Harsh ,Paliwal,03/07/2011,,MALE,Sainik choraha,Bhawanimandi,mamtapaliwal4949@gmail.com,,NO,,
S2706,,13/03/2026 11:27:31,9166189363,Sefiya,Naaz,23/09/2008,,Female,Kota,Kota,,,NO,,
S2707,,13/03/2026 17:23:44,9027584833,Shiv,Varshney,04/08/2008,,MALE,"Hostel 268,pearl heights jawahar nagar, talwandi ",Kota,kumkumpramod1980@gmail.com,Acne / Pimples,NO,,
S2708,,13/03/2026 18:20:16,7689850677,Pooja,Kumawat,02/02/2003,,Female,Kotputli ,Jaipur ,poojakumawat2465@gmail.com,,NO,,
S2709,,14/03/2026 18:15:05,9571019369,Anish,Srivastav ,23/05/1998,,MALE,"55, mpb  mahaveer Nagar 1st ",Kita,,Anti-ageing,NO,,
S2710,,15/03/2026 11:20:22,9587911220,Pratiksha ,Gupta ,17/01/1998,,Female,Kota,Kota,,,NO,,
S2711,,15/03/2026 11:21:19,8863933407,Simran ,Priya ,08/05/2008,,Female,Kota,Kota,,,NO,,
S2712,,16/03/2026 17:01:06,7999699160,Gunjan,Yogi,13/10/2005,,Female,Baroda ,Sheopur,gunjanyogi04@gmail.com,Acne / Pimples,NO,,
S2713,,17/03/2026 18:57:39,9955044248,Tabassum ,Mumtaz,06/11/2002,,Female,Thane,Mumbai,tabassum.445678.jahan@gmail.com,"Acne / Pimples, Pigmentation / Melasma",YES,02/04/2026,
S2714,,18/03/2026 11:40:10,9680437177,Durgesh,Mehta,10/12/2001,,Female,Samraniya,Baran,,Dark spots ,YES,19/05/2026,
S2715,,18/03/2026 18:21:25,8435832489,Hemant,Mehra,30/03/2005,,MALE,Near vci Coching,Kota ,hemantom777@gmail.com,"Hair fall, Dandruff",NO,,
S2716,,18/03/2026 18:56:18,9413163431,Shruti,Agarwal ,24/03/1991,,Female,Talwandi,Kota,shruti.agarwal415@gmail.com,,NO,,
S2717,,19/03/2026 11:30:36,9964779866,Zaved,Ansari,01/09/1993,,MALE,Vigyan nagar,Kota,,Tattoo remove,NO,,
S2718,,19/03/2026 19:29:30,7737374580,Divya ,Sen,21/11/1999,,Female,2c19 mahaveer Nagar 3,Kota,,Acne / Pimples,NO,,
S2719,,20/03/2026 11:29:31,7990749690,Aarav ,Madan,29/12/2008,,MALE,Kota ,Kota ,,,NO,,
S2720,,20/03/2026 12:56:13,7300474663,Rinku,Meena,23/09/1993,,Female,Bundi,Bundi,,"Acne / Pimples, Pigmentation / Melasma, Anti-ageing",YES,30/05/2026,
S2721,,23/03/2026 11:26:56,7229964555,Rajshri,Srikant,15/11/1985,,Female,Mala road,Kota,rajshri.srikant@gmail.com,Lice,NO,,
S2722,,23/03/2026 11:36:47,8949896036,Bhoomi prajapati,Bhoomi,17/07/2008,,Female,Jagannath general shop station road chhabra ,Chhabra,,Skin problem,NO,,
S2723,,23/03/2026 12:28:41,8306234339,Dev,Singh,03/06/2003,,MALE,Borkhera,Kota,,Hair fall,NO,,
S2724,,23/03/2026 13:04:13,7413073375,Radhe,Jangid,22/04/2005,,Female,Kota,Kota,anshuucarpenter091@gmail.com,Acne / Pimples,YES,15/04/2026,
S2725,,24/03/2026 18:43:06,9530493977,Sushila ,Yadav ,16/02/1964,,Female,Kota,Kota,,,NO,,
S2726,,25/03/2026 17:10:46,7023423945,Kashish ,Prajapat,14/12/2008,,Female,Landmark,Kota ,kashishpushpa14@gmail.com,Acne / Pimples,NO,,
S2727,,25/03/2026 17:32:45,7023354450,Angel,Dhakad,05/04/2009,,Female,Landmark ,Kota,angel.dhaker.77@gmail.com,,NO,,
S2728,,26/03/2026 17:09:13,9996604225,Jyoti,Goswami ,05/04/1984,,Female,Indira vihar .. aashirwad vaibhav ,Kota,jyotikhushi2612@gmail.com,,NO,,⚠ Already registered: S1317 (Jyoti)
S2729,,26/03/2026 19:10:20,9521836996,Saroj ,Meena ,01/10/1994,,Female,3/248 Ganesh talab ,Kora,saroj.minaq@gmail.com,Pigmentation / Melasma,NO,,
S2730,,27/03/2026 19:01:48,8769604343,Samiya ,Ansari ,20/01/2013,,Female,Abcd ,Kota ,,Acne / Pimples,NO,,
S2731,,28/03/2026 11:04:17,9875046357,Shazeb ,Gauri,14/03/2014,,Female,Kota ,Kota ,,,NO,,⚠ Already registered: S2319 (Roshan Ara)
S2732,,28/03/2026 11:07:41,8769604343,Rabiya ,Tofic,07/06/2018,,Female,Kota ,Kota,,,NO,,⚠ Already registered: S2730 (Samiya )
S2733,,28/03/2026 11:23:53,8696540054,Anushka,Yadav,27/11/2009,,Female,"Pratap Nagar 1st, H.no. 227",Kota,ajayyadav.harshit8696@gmail.com,Premature grey hair,NO,,
S2734,,28/03/2026 18:34:39,9549890023,Kundan,Kapoor,23/02/1997,,MALE,"846,Swami Vivekananda Nagar ",Kota,kundankapoor23@gmail.com,,YES,29/04/2026,
S2735,,31/03/2026 11:30:06,7229964555,Chitrangada ,Srikanth ,16/01/2013,,Female,Kota ,Kota ,,,NO,,⚠ Already registered: S2721 (Rajshri)
S2736,,31/03/2026 11:36:40,7584886326,Sujata ,Das,04/10/1983,,Female,Kota,Kota,,,NO,,
S2737,,01/04/2026 11:22:56,7584886326,Sujata,Das,04/10/1983,,Female,West Bengal,Raiganj,sujatasendas@gmail.com,Pigmentation / Melasma,NO,,⚠ Already registered: S2736 (Sujata )
S2738,,01/04/2026 11:25:43,8837302040,Papri,Das,23/03/1982,,Female,"Kumarghat, Unakoti, Tripura ",Kumarghat,barmanpipasha26@gmail.com,Pigmentation / Melasma,NO,,
S2739,,01/04/2026 12:07:07,8446266102,Sarfraz ,Qadri,01/01/2000,,MALE,Adalat road ward no.20 sangod  ,Sangod ,sarfrazkhan26053@gmail.com,,NO,,
S2740,,01/04/2026 17:22:29,9660800176,Suhani,Vijay,04/12/2000,,Female,Talwandi,Kota,vijaysuhani4@gmail.com,Acne / Pimples,NO,,
S2741,,01/04/2026 17:46:03,7339702217,Payal,Verma ,22/01/2003,,Female,"1/49, Ganesh talab ",Kota ,,,NO,,
S2742,,02/04/2026 19:00:54,7737131543,Mehandi,Khanam ,28/07/2002,,Female,Anantpura Kota ,Kota ,mehandikhanam@gmail.com,,NO,,
S2743,,03/04/2026 11:44:53,8209574757,pratibha,Chaturvedi,26/02/1976,,Female,4p26talwandi,Kota,pratibhaojha26@gmail.com,,NO,,
S2744,,03/04/2026 12:32:04,9460195197,Lalita ,Gupta,06/06/1977,,Female,Bhawanimandi,Bhawanimandi ,tg20061406@gmail.com,Pigmentation / Melasma,NO,,
S2745,,03/04/2026 12:45:40,7339736260,Aaryika,Gocher ,28/10/2011,,Female,Rajat vihar anta,Anta,latikagocher@gmail.com,,NO,,
S2746,,03/04/2026 12:48:49,7339736260,Priyadarshini ,Gocher ,21/09/2004,,Female,Rajat vihar anta ,Anta,latikagocher@gmail.com,Mark,NO,,⚠ Already registered: S2745 (Aaryika)
S2747,,03/04/2026 18:04:06,7891441168,Hemlata,Yadav,01/01/2008,,Female,Abcd ,Kota,hemlatayadav5181@gmail.com,,NO,,
S2748,,03/04/2026 19:19:36,8905419618,Shilpa,Meena,12/03/1998,,Female,"H no 427 RAcC colony, basant vihar ",Kota,inumeena0811@gmail.com,Acne / Pimples,NO,,⚠ Already registered: S889 (Inu Meena)
S2749,,03/04/2026 19:21:39,8949233681,Iqra,Fatima,31/05/2011,,Female,"1-f23,24 vigyan nagar ",Kota,rubinabanoansari1988@gmail.com,,NO,,⚠ Already registered: S1159 (Rubina Ansari)
S2750,,04/04/2026 12:34:31,7878811791,Siya ,Natani,01/04/2007,,Female,"37, new dhan Mandi",Kota,siyanatani48@gmail.com,,NO,,
S2751,,04/04/2026 18:07:48,8949233681,Sara,Fatima ,31/05/2011,,Female,Kota ,Kota ,,,NO,,⚠ Already registered: S1159 (Rubina Ansari)
S2752,,04/04/2026 18:26:33,9970933696,Megha,Chaware,24/10/1981,,Female,Parijat colony,Kota,megha.chaware2006@gmail.com,Hair fall,YES,04/04/2026,⚠ Already registered: S2218 (Shivam Satish Chawara)
S2753,,04/04/2026 19:11:07,7012018426,Anish,K,25/03/1989,,MALE,Kota,Kota,anishstrings@gmail.com,Dandruff,NO,,
S2754,,04/04/2026 19:14:58,9166065367,Staphy,Thomas,07/02/1992,,Female,Kelwara,Baran,sheebathomas767@gmail.com,"Acne / Pimples, Anti-ageing",NO,,
S2755,,05/04/2026 11:50:31,9583359510,Seema ,Pachera ,14/02/1980,,Female,Kota,Kota ,,,NO,,
S2756,,05/04/2026 12:10:05,6375344205,Meena ,Bairwa ,07/07/1997,,Female,Balita road kundai kota,Kota,,,NO,,
S2757,,06/04/2026 11:16:47,8619711325,Akash ,Meena,03/12/1995,,MALE,Vivekanand nagar kota,Kota,mrback76@gmail.com,"Acne / Pimples, Pigmentation / Melasma",NO,,
S2758,,06/04/2026 12:09:29,9608377348,Lucky,Mittal,07/10/2007,,Female,Khushi girls hostel rajeev gandhi nagar ,Kota,mittallucky646@gmail.com,"Acne / Pimples, Facial hair",NO,,
S2759,,06/04/2026 13:09:46,7728879287,Shahida khanm,Shahida khanm,05/07/1998,,Female,Kota,Kota,,Pigmentation / Melasma,NO,,
S2760,,07/04/2026 18:58:15,9142183766,Nidhi,Kumari,23/04/2005,,Female,"A 497, Indra Vihar ",Kota,nidhikumari23april2005@gmail.com,"Acne / Pimples, Pigmentation / Melasma, Uneven skin tone, acne scars",NO,,
S2761,,07/04/2026 19:16:44,9588214015,Khushi,Shukla,31/01/2000,,Female,Landmark city kunhadi,Kota,,Acne / Pimples,NO,,
S2762,,08/04/2026 12:34:14,8400083000,Harshita,Singh,04/09/1997,,Female,Kota ,Kota,,,NO,,
S2763,,09/04/2026 11:27:44,8852857662,Riya,Dhaka ,09/03/1996,,Female,Jhalawar,Jhalawar,riya.dhaka0199@gmail.com,"Acne / Pimples, Pigmentation / Melasma, Hair fall",YES,11/04/1996,
S2764,,09/04/2026 17:34:23,9783858525,Kamlesh,Kumar,22/06/1993,,MALE,Jaipur,Jaipur,,,NO,,
S2765,,11/04/2026 17:20:06,8789648970,Hifzur ,Rahman,22/08/2006,,MALE,Near madni masjid ,Kota ,mdhifzurr0@gmail.com,Wrist cut problem ,NO,,
S2766,,11/04/2026 17:30:40,8837302040,Pipasha ,Barman ,26/08/2008,,Female,Kumarghat,Kumarghat ,,,NO,,⚠ Already registered: S2738 (Papri)
S2767,,13/04/2026 13:04:22,7014203853,Lalit,Prajapati ,16/10/1994,,MALE,Bhawani Mandi ,Jhalawar ,,"Pigmentation / Melasma, Blackhead ",NO,,
S2768,,13/04/2026 19:42:59,7073740737,Neha,Sharma,19/01/1993,,Female,"A 20 North X Township,sogariya",Kota,nehachawla809@gmail.com,,NO,,
S2769,,15/04/2026 12:13:20,7725967673,Muskan ,Jain,01/09/1996,,Female,Shakti nagar kota ,Kota ,muskanjain11996@gmail.com,"Acne / Pimples, Dark circles ",NO,,
S2770,,15/04/2026 12:15:59,7742911013,Vikas,Nama,28/09/1992,,MALE,50 Rk city extension ,Kota,vikasnm7@gmail.com,"Acne / Pimples, Pigmentation / Melasma",NO,,
S2771,,15/04/2026 16:50:52,9588806306,Girisha ,Yogi,07/09/2006,,Female,Sahrod,Baran ,girishayogi9829@gmail.com,Acne / Pimples,NO,,
S2772,,15/04/2026 17:08:01,9571752055,Prateek,Goyal,21/01/1995,,MALE,Kunhadi ,Kota,prateekgoyal38@gmail.com,Hydra facial,YES,20/04/2026,
S2773,,15/04/2026 17:30:54,9058528185,Poonam,Prajapati,07/08/1990,,Female,Baba chouraha pachpahar,Bhawanimandi,,,NO,,
S2774,,15/04/2026 17:33:49,9057528185,Mahesh,Balodia,13/07/1989,,MALE,Pachpahar,Bhawanimandi,,,NO,,
S2775,,15/04/2026 17:36:51,9119239216,Shivangi ,Vyas,28/02/1997,,Female,Jhalawar ,Jhalawar ,,,NO,,
S2776,,15/04/2026 17:59:58,9460411074,Himanshi,Malav,18/08/2009,,Female,Kanchanpuri,Anta,,Acne / Pimples,NO,,
S2777,,16/04/2026 11:47:38,7026008536,Seema ,Khan ,26/06/1998,,Female,Abcd ,Kota ,,,NO,,
S2778,,16/04/2026 13:04:46,9473733560,Archana ,Verma ,15/03/1986,,Female,Sector c talwandi ,Kota ,,Pigmentation / Melasma,NO,,
S2779,,16/04/2026 17:49:07,9799206799,Charchit,Goyal,09/11/2000,,MALE,Kunhari,Kota,charchitgoyal21@gmail.com,"Acne / Pimples, Pigmentation / Melasma",YES,20/04/2026,
S2780,,17/04/2026 12:17:14,9784041034,Monika ,Sharma ,05/05/2006,,Female,Itawa kota,Kota ,,Acne / Pimples,NO,,
S2781,,17/04/2026 19:06:24,7991138977,Abhinav ,Raj,04/11/2007,,MALE,Kota,Kota,,Acne / Pimples,NO,,
S2782,,18/04/2026 11:10:04,7737094405,Komal ,Meena ,07/07/2002,,Female,Kota ,Kota ,,,NO,,
S2783,,18/04/2026 18:48:28,9625946266,Mohd sarfraj Zakir ,Ali,10/03/2003,,MALE,Moradabad Up,Moradabad ,sarfrazkhan26053@gmail.com,,NO,,
S2784,,18/04/2026 19:11:04,8077792287,Shubham ,Kumar,21/08/1997,,MALE,Government medical College kota,Kota,,Pigmentation / Melasma,NO,,
S2785,,19/04/2026 12:08:26,9256599504,Mohit ,Soni,17/10/2006,,MALE,Kaithoon,Kota ,mohitsoni1113331@gmail.com,,NO,,
S2786,,19/04/2026 12:24:38,9335216072,Roshani,Kumari,03/10/2009,,Female,Up,Kanpur,,Pigmentation / Melasma,NO,,
S2787,,20/04/2026 11:07:35,9335216072,Yashoda,Kumari,04/04/1998,,Female,Up,Kanpur,,,NO,,⚠ Already registered: S2786 (Roshani)
S2788,,20/04/2026 17:28:29,9166597835,Abhilasha j,Jain,23/08/1966,,Female,Dadabari ,Kota,,,NO,,
S2789,,20/04/2026 19:07:58,7014843789,Kratika ,Maheshwari ,04/02/1993,,Female,34 shastri nagar,Kota,,,NO,,
S2790,,20/04/2026 19:34:19,9799918796,Mahira,Sheikh,06/05/2005,,Female,H. No. 34 pandit din dayal upadhyay nagar kota,Kota,asmashaikh163@gmail.com,Facial hairs,NO,,
S2791,,22/04/2026 11:02:45,7016323416,Poonam,Vazirani,01/06/1982,,Female,Talwandi sector A,Kota,,"Pigmentation / Melasma, Skin hairs",NO,,
S2792,,22/04/2026 11:24:05,8107883362,Geetika ,Saini,16/07/2003,,Female,5-j-39 mahaveer nagar 3,Kota ,,Dryness and scar ,NO,,
S2793,,22/04/2026 18:03:56,9460816917,Anita,Meena,12/06/1978,,Female,1 D11 Talwandi ,Kota,,Pigmentation / Melasma,NO,,
S2794,,22/04/2026 18:54:26,7014899705,Surya pratap ,Singh,02/08/1996,,MALE,Talwandi kota,Kota,spgaur101@gmail.com,"Hair fall, Dandruff",NO,,
S2795,,23/04/2026 18:01:24,9950540161,Saniya ,Khan,29/10/2005,,Female,Chhawani,Kota,,"Acne / Pimples, Pigmentation / Melasma",NO,,
S2796,,23/04/2026 18:32:34,8000838328,Poonam,Singh,11/06/1982,,Female,Bihar,Kota,,,NO,,
S2797,,24/04/2026 17:58:42,7022409796,Ram,Narayan ,07/07/1981,,MALE,Kota,Kota ,random786@yahoo.com,Pigmentation / Melasma,NO,,
S2798,,24/04/2026 18:12:53,9649227797,Gaurav,Sharma,10/04/1998,,MALE,Bani park,Jaipur,gauravsinner911@gmail.com,,NO,,
S2799,,25/04/2026 17:45:38,8920255948,Atipriya,Soni,03/02/1998,,Female,Pv tower bundi,Bundi,vermaatipriya6@gmail.com,"Acne / Pimples, Pigmentation / Melasma",NO,,
S2800,,26/04/2026 12:05:04,6260222415,Shanvi,Singh,12/11/2013,,Female,Kota,Kota ,,,NO,,
S2801,,27/04/2026 17:26:53,9934202843,Priyanshu,Abcd,22/05/2010,,MALE,"Shree Krishna tower 332-B , Talwandi circle",Kota,manojmanjumfp@gmail.com,Acne / Pimples,NO,,
S2802,,27/04/2026 17:32:54,9934202843,Manoj,Prasad,09/01/1978,,MALE,"Shree Krishna tower 332-B, Talwandi circle ",Kota,manojmanjumfp@gmail.com,Pigmentation / Melasma,NO,,⚠ Already registered: S2801 (Priyanshu)
S2803,,27/04/2026 18:56:48,9654406597,Garima,Sharma,31/01/1987,,Female,"1103,Deep shri",Kota,,,NO,,
S2804,,28/04/2026 11:15:23,8810990862,Anchal ,Yadav,08/07/2004,,Female,New Rajiv Gandhi Nagar kota,Kota Rajasthan ,aanchal2708@gmail.com,"Acne / Pimples, Hair fall",NO,,
S2805,,28/04/2026 11:18:05,9654406597,Nitin,Sharma ,17/12/1979,,MALE,Kota ,Kota,,,NO,,⚠ Already registered: S2803 (Garima)
S2806,,29/04/2026 17:13:09,9443026995,Janath,Kumar ,28/06/1976,,MALE,1109 royal imperia,Kota ,s.janath@gmail.com,Hair fall,NO,,
S2807,,30/04/2026 18:30:15,9351130755,Harsh,Shakywal,26/07/2006,,MALE,Kelwara,Baran,harshshakywal374@gmail.com,"Acne / Pimples, Pigmentation / Melasma",NO,,
S2808,,30/04/2026 18:58:49,9314435533,Devesh ,Pareek,21/12/1985,,MALE,"357, shopping centre kota",Kota,dpareekkota@gmail.com,Acne / Pimples,YES,03/05/2026,
S2809,,01/05/2026 12:57:51,7296831100,Aditi,Singh,02/02/2002,,Female,Mahaveer Nagar 3,Kota,,,NO,,
S2810,,01/05/2026 18:25:58,7877824258,Isha,Khan,25/11/2007,,Female,"House no. 4jha20 ,near Sahara school ,vigyan nagar kota",Kota,toqeerak47@gmail.com,Lhr,YES,09/06/2026,
S2811,,02/05/2026 12:20:33,8840140270,Shreya ,Srivastava,27/09/2007,,Female,"902, Fortune Elita, RK Puram sector A ",Kota,srivastavashreyaa27@gmail.com,"Acne / Pimples, Dandruff",NO,,
S2812,,03/05/2026 12:22:08,9566214475,Priyank,Tyagi,14/11/1997,,MALE,T-5-89 Anutara colony,Rawatbhata ,,Mole,NO,,
S2813,,04/05/2026 11:32:42,8302658794,Asha,Yadav,09/01/2001,,Female,Borkheda kota,Kota,,"Acne / Pimples, Pigmentation / Melasma",NO,,
S2814,,04/05/2026 11:36:59,9783897607,Jiyauddin ,Jiyauddin ,21/09/1977,,MALE,Abcd ,Kota,,,NO,,
S2815,,04/05/2026 19:14:17,9167905005,Sweta,Sharma,01/12/1980,,Female,Rajeev Gandhi Nagar,Kota,mbasweta@gmail.com,Anti-ageing,NO,,
S2816,,05/05/2026 12:32:10,8619591102,Pavitra,Dadhich ,08/02/2007,,MALE,171 Rajeev Gandhi Nagar ,Kota,,Skin hives,NO,,
S2817,,06/05/2026 11:14:11,8306622324,Pawan,Meena,07/08/2008,,MALE,Mahaveer nagar ,Kota ,rahulmeena72890@gmail.com,,YES,20/05/2026,
S2818,,06/05/2026 17:57:51,7073179661,Dr Narendra ,Gurjar ,10/06/1998,,MALE,Cfcl tan project ,Kota,,,NO,,
S2819,,08/05/2026 18:30:56,7728011646,Priya ,Solanki ,04/08/2000,,Female,Dcm Power House ,Kota,,Acne / Pimples,NO,,
S2820,,08/05/2026 20:23:23,9829249026,Mamta ,Diwan,18/05/1970,,Female,Station,Kota,,,NO,,
S2821,,09/05/2026 18:57:52,6378160557,Aafrin,Khan,24/08/1996,,Female,Police' line Borkheda,Kota,,Acne / Pimples,NO,,
S2822,,09/05/2026 18:59:25,9414766226,Somya,Sharma,19/09/1996,,Female,Dadabadi,Kota,,LHR,YES,20/11/2026,
S2823,,09/05/2026 19:45:05,7976173036,Zahabiya,Bahrainwala,12/09/2001,,Female,"Burhani mansion,Tipta,Kota",Kota,haidrysakina05@gmail.com,,NO,,
S2824,,10/05/2026 11:34:07,8107951583,Naina ,Saini,19/10/2006,,Female,Thekda,Kota,Nainasaini9460@gmail.com,,YES,20/05/2026,
S2825,,11/05/2026 18:31:01,9680890354,Mohit,Meghwal,10/12/2005,,MALE,Kapren bundi,Bundi,mohitmeghwalind@gmail.com,Acne / Pimples,NO,,
S2826,,12/05/2026 11:03:16,9461906963,Mahesh ,Nagar ,06/08/2008,,MALE,"Rangbari, kota",Kota,nboy50989@gmail.com,,NO,,
S2827,,13/05/2026 11:51:15,8085221428,Ayushi ,Sharma,06/06/1999,,Female,"Ward no 14, nadi mohalla, chhabra",Chhabra ,ankit2691996@gmail.com,Acne / Pimples,NO,,
S2828,,13/05/2026 12:18:02,7023052777,Abhishek ,Paliwal,15/02/2000,,MALE,Jhalawar Rajasthan ,Jhalawar ,abhipaliwal15@gmail.com,"Hair fall, Dandruff",NO,,⚠ Already registered: S1465 (Abhishek Paliwal)
S2829,,14/05/2026 12:05:04,7852848829,Pragya,Diwan,09/03/2005,,Female,Kusum villa Apartment,Kota ,pragyadiwan0@gmail.com,Acne / Pimples,NO,,
S2830,,14/05/2026 14:20:18,8101002124,Kittu,Singh,17/10/2006,,Female,Anantpura ,Kota,awansikasingh495@gmail.com,Acne / Pimples,NO,,
S2831,,14/05/2026 18:28:44,8875969691,Kratika,Gyanani,14/07/1999,,Female,"Sector 5, mahaveer baar extn. ",Kota,Kratikagyanani1407@gmail.com,"Pigmentation / Melasma, ",NO,,
S2832,,15/05/2026 17:30:18,8302028405,Anurodh,Shandilya,15/08/2003,,MALE,RK Puram ,Kota,shandilyaanurodh8741@gmail.com,"Acne / Pimples, Pigmentation / Melasma",NO,,
S2833,,15/05/2026 17:39:49,9079095131,Kratika,Solanki,24/11/1996,,Female,"3.R.20 vigyan nagar ,kota",Kota,,"Pigmentation / Melasma, Dandruff, Anti-ageing, ",NO,,
S2834,,17/05/2026 11:25:49,8003928278,Himanshu ,Choudhary ,10/09/1994,,MALE,Poonam colony gali 6 Kota junction ,Kota,arunaugustine11144@gmail.com,,NO,,
S2835,,18/05/2026 11:53:40,9142329890,Tanishka ,Ranjan ,21/07/2010,,Female,Kota ,Kota,,,NO,,
S2836,,18/05/2026 18:52:26,8668628514,Shivani,Naik,09/06/2000,,Female,Subhash nagar,Kota,shivaninaik0906@gmail.com,Tatto removal ,NO,,
S2837,,18/05/2026 20:18:30,8696804009,Twinkle ,Gupta ,15/04/2011,,Female,Keshav pura balakund,Kota Rajasthan ,,Acne / Pimples,NO,,
S2838,,19/05/2026 12:15:56,8118897229,Preetam Kumar,Bala,15/07/2002,,MALE,Mrak,Morak,,,NO,,⚠ Already registered: S783 (Preetam Kumar)
S2839,,19/05/2026 17:59:42,7877696816,Prince,Choudhary ,01/12/2005,,MALE,Kota,Kota,,,NO,,
S2840,,19/05/2026 18:01:29,7877696816,Anushka,Singh,31/07/2004,,Female,Landmark ,Kota,,,NO,,⚠ Already registered: S2839 (Prince)
S2841,,21/05/2026 11:16:48,9001405595,Sachin,Rajput ,24/04/2008,,MALE,Chabra ,Kota,,"Pigmentation / Melasma, ",NO,,
S2842,,21/05/2026 11:31:15,8619343254,PRATISHTHA,Diwaker,30/10/1991,,Female,"H.no. 164, Anandpura yojana",Kota,,Hair fall,NO,,
S2843,,21/05/2026 18:51:43,9571669210,Sonali,Jain,10/08/1998,,Female,House no.203 shivaji nagar dadwara near Saint joseph church,Kota,sonalijainkota@gmail.com,"Pigmentation / Melasma, Hair fall, Dandruff",NO,,
S2844,,22/05/2026 11:45:25,8920670531,Kona,Roy,05/03/1983,,Female,Delhi,Kota,,,NO,,⚠ Already registered: S2298 (Priyanka Roy)
S2845,,22/05/2026 18:40:42,9529914914,Divya ,Kataria ,10/05/1997,,Female,B-19rajendra vihar akash wani colony ,Kota,d9529914914@gmail.com,,NO,,
S2846,,23/05/2026 16:31:02,8107663703,Surbhi ,Vats,21/01/2007,,Female,Mahaveer Nagar 3 ,Kota,surbhikumari01lkr@gmail.com,Hair reduction ,NO,,
S2847,,23/05/2026 18:05:35,7898571577,Kiran,Dhakad,20/05/1995,,Female,Bunglow no 904 officers railway colony near DRM office Kota ,Kota ,kirandhakad20@gmail.com,Pigmentation / Melasma,NO,,
S2848,,24/05/2026 11:35:01,9267987124,Nupur ,Bhargava ,26/08/1996,,Female,Thermal colony,Kota,mahendrakantsharma@gmail.com,Pigmentation / Melasma,NO,,
S2849,,25/05/2026 18:32:26,9588277568,Kiran,Kumari ,17/07/2000,,Female,Raipura,Kota,kirankkumari9784@gmail.com,"Pigmentation / Melasma, ",NO,,
S2850,,26/05/2026 18:13:20,8302200646,Tanay ,Sharma,30/10/2008,,MALE,Nea multipurpose school ho. 2 gumanapura,Kota,tanaysharma517@gmail.com,Acne / Pimples,NO,,
S2851,,28/05/2026 18:12:16,9460176241,Shashank,Jindal,08/09/1997,,MALE,5 i 43 mahaveer Nagar 3 rd,Kota,,"Hair fall, ",NO,,
S2852,,29/05/2026 11:15:36,8619306189,Nainika,Baheti,20/05/2008,,Female,12 A Talwandi,Kota,nainikabaheti@gmail.com,,NO,,
S2853,,29/05/2026 17:41:41,9521401803,Vishal,Kahar,11/04/1998,,MALE,Keshavpura kota ,Kota,,,NO,,
S2854,,29/05/2026 17:45:07,8739028459,Saquib,Ahmed,28/05/2000,,MALE,"Belthara road, ballia, uttar Pradesh, india",Belthara road ,saquib552786@gmail.com,,NO,,
S2855,,30/05/2026 12:02:54,7014958347,Rehana,Khan,21/07/1988,,Female,Chhawani Kota afroz gym,Kota,,Pigmentation / Melasma,NO,,
S2856,,30/05/2026 12:09:06,9439652789,Anita,Mallick,07/07/1982,,Female,304 Radha madhav kunj apartment jawaharnagar,Kota,,,NO,,
S2857,,01/06/2026 12:31:38,7597548614,Kajalmeena,Meena,26/06/2004,,MALE,Suket,Kota,kajalmeena062004@gamil.com,Acne / Pimples,NO,,
S2858,,01/06/2026 13:03:28,8889762624,Naushaad,Ahmed,20/10/1995,,MALE,Shoepur,Sheoper,,,NO,,
S2859,,01/06/2026 16:38:51,9414571795,Akshay ,Maheshwari ,13/05/1993,,MALE,Jhalawar ,Jhalawar ,,Hair fall,NO,,
S2860,,01/06/2026 16:50:03,7424878931,Kritika,Panchal,22/06/2026,,Female,R.k.puram,Kota,,Acne / Pimples,NO,,
S2861,,01/06/2026 18:03:17,8239933097,Monish ,Tailor,25/10/2000,,MALE,Dcm Power house,Kota,,Hair fall,NO,,
S2862,,02/06/2026 12:18:01,9636516536,Anjali,Nagar,20/02/2005,,Female,Atru,Baran,,,NO,,
S2863,,03/06/2026 11:55:50,8848065786,Radhika,R,02/05/1996,,Female,48 A New Colony Gumanpura,Kota,,Facial hair growth ,NO,,
S2864,,03/06/2026 12:29:23,9079809429,Kiran ,Rathore ,18/12/1994,,Female,"35 kamla udhyan vistar ,kunhadi",Kota,kiranrathore1812@gmail.com,Pigmentation / Melasma,NO,,
S2865,,03/06/2026 12:37:10,9860338069,Akshay ,Pawar ,11/05/2000,,MALE,Kota,Kota ,apawar8898@gmail.com,,NO,,
S2866,,03/06/2026 17:32:47,9687988472,Shreeram,Agarwal,13/03/1968,,MALE,"E-57, Indira Colony",Jhalawar ,shriramagrwal@gmail.com,Mole,NO,,
S2867,,03/06/2026 18:58:24,8764180225,Saumyaa,Gupta,05/05/2008,,Female,"A809 Pukhraj element ,Jawahar Nagar ",Kota,guptasaumyaa67@gmail.com,Facial hair,NO,,
S2868,,04/06/2026 18:24:39,9572690759,Aditya,Singh,17/01/2008,,MALE,Indravihar,Kota,,Hair fall,NO,,
S2869,,04/06/2026 18:30:22,9643869084,Vaishali ,Rana,28/07/1989,,Female,"A 408, Tripolis, Kota",Kota,,,NO,,
S2870,,04/06/2026 19:09:59,9672994847,Inderjeet kaur,Bajaj,10/03/1980,,Female,"246-B Namrata Awas, Bajrang Nagar",Kota,allen.inderjeet@gmail.com,Infection ,NO,,
S2871,,05/06/2026 11:23:30,7427834112,Alka ,Meena ,13/05/2002,,Female,Goyal hospital near,Kota ,meenaanuraj04@gmail.com,,NO,,
S2872,,05/06/2026 18:08:46,8239315018,Dr saloni,Gurjar,07/05/1999,,Female,MbS hospital ,Kota,vikramkorma997@gmail.com,Moles,NO,,
S2873,,05/06/2026 18:39:33,6376116258,Ekta,Gurjar,20/11/1997,,Female,"3-E-20, Dadabari Vishtar yojana, Dadabari",Kota,ektagurjar20@gmail.com,,NO,,
S2874,,05/06/2026 19:07:12,9214933129,Rubina ,Ansari ,15/08/1998,,Female,Tonk ,Tonk ,,,NO,,
S2875,,06/06/2026 12:44:49,8920448943,Vasu,Thakur,10/02/2007,,MALE,Talwandi,Kota,thakurbasu442@gmail.com,"Acne / Pimples, Pigmentation / Melasma",NO,,
S2876,,07/06/2026 12:18:37,8302200646,Sarita ,Sharma ,02/06/1984,,Female,Gumanpura ,Kota,,,NO,,⚠ Already registered: S2850 (Tanay )
S2877,,07/06/2026 13:08:58,8094366366,Prem Raj ,Parihar,06/08/1994,,MALE,Kundanpur road adalat ke samne,Sangod,,,NO,,
S2878,,07/06/2026 13:19:09,9680891149,Mallika,Tak,19/09/1998,,Female,Railway housing society ,Kota,,"Pigmentation / Melasma, ",YES,07/06/2026,
S2879,,08/06/2026 11:57:15,9024606362,Shubham ,Sharma ,24/01/1996,,MALE,Kota,Kota,,,NO,,
S2880,,08/06/2026 12:45:00,8875013404,Gaurav ,Goil,07/07/1990,,MALE,Kota,Kota,,,NO,,
S2881,,08/06/2026 13:31:23,9950886287,Naveen ,Saini,08/11/2010,,MALE,"Talwandi, kota",Kota,naveensaini6238@gmail.com,,NO,,
S2882,,08/06/2026 18:10:54,9166864023,Abhay pratap,Singh,28/06/1995,,MALE,Naiwa road rajat grah colony gate no 2  house no 111,Bundi Rajasthan ,pratapaby25@gmail.com,,NO,,
S2883,,08/06/2026 18:40:15,9257565074,Piyush ,Nagar ,16/08/2007,,MALE,1184 Subhash nagar 2nd,Kota,piyushnagar889@gmail.com,Acne / Pimples,NO,,
S2884,,09/06/2026 16:41:03,9799982114,Nidhi ,Suman ,09/10/2013,,Female,Panwar,"Panwar , Jhalawar ",,Acne / Pimples,NO,,
S2885,,09/06/2026 19:20:29,8209067689,Priyanka,Sharma ,01/10/1993,,Female,Kota,Kota,,,NO,,
S2886,,10/06/2026 11:12:47,9982654979,Ritesh,Meena,17/08/1999,,MALE,4343 ghat gate ,Jaipur,ritesh170899@gmail.com,Acne / Pimples,NO,,
S2887,,11/06/2026 18:27:46,9681299436,Debargha,Bhattacharjee ,20/02/2008,,MALE,Tripura ,Tripura ,,Acne / Pimples,NO,,
S2888,,12/06/2026 11:30:13,6376771307,Kunal,Sharma,01/04/2009,,MALE,Pandit Deen Dayal nagar,Kota,ys741163@gmail.com,Acne / Pimples,NO,,
S2889,,12/06/2026 17:42:13,8617523201,Sudip,Biswas,30/04/2003,,MALE,Ranaghat Nadia West Bengal ,Ranaghat ,sb6652139@gmail.com,Hair fall,NO,,
S2890,,14/06/2026 12:46:25,9001591413,Shweta Sharma ,Sharma ,26/03/1980,,Female,4b1 talwandi,Udaipur ,artsyshweta109@gmail.com,Pigmentation / Melasma,YES,15/06/2026,
S2891,,15/06/2026 12:16:54,7891921130,Shubham ,Raj,02/11/1995,,Female,Kota,Kota,,Mole,NO,,
S2892,,15/06/2026 17:41:01,9352460755,Aman,Soni,20/12/2003,,MALE,Jhalawar ,Jhalawar ,amansoni0008@gmail.com,Acne / Pimples,YES,14/06/2026,
S2893,,15/06/2026 17:46:53,9214274770,Sheetal,Singh,23/10/1989,,Female,Mahaveer Nagar 2 ,Kota,sheetalsinghkota@gmail.com,,NO,,
S2894,,17/06/2026 19:03:37,9413518285,Dr Ashi,Dholpuria,02/06/1995,,Female,"133A, VHL, vivekanand nagar",Kota,ashidholpuria019@gmail.com,,NO,,
S2895,,17/06/2026 19:30:54,8544835741,Grace,Daina,20/12/2005,,Female,1228 suwalka suwalka ,Kota ,gracedaina2012@gmail.com,"Acne / Pimples, Pigmentation / Melasma",NO,,
S2896,,18/06/2026 17:30:58,9460025233,Anivant,Sharma,22/02/2008,,MALE,Lakshay tower,Kota,anivant212@gmail.com,"Pigmentation / Melasma, Hyperpigmentation ",NO,,
S2897,,18/06/2026 18:21:28,9461813999,RAJIT,Gupta,10/02/2007,,MALE,"604, Aashirwad Govindam Apartment, Near LIC Building, Balaji Market, Rangbari Road, Kota",Kota,deepak.gupta.bsnl@gmail.com,Hair fall,NO,,
S2898,,19/06/2026 17:36:03,9929562333,Ayan,Hussain,22/03/2010,,MALE,"Pure enclave, New akashwani near cci coaching ",Kota,ayankhan2089yr@gmail.com,Acne / Pimples,NO,,
S2899,,20/06/2026 11:45:57,8619542760,Kavita,Tanwar,12/03/1999,,Female,Manpura ,Kota,tanwark818@gmail.com,"Acne / Pimples, Freckles",NO,,
S2900,,20/06/2026 17:43:52,8107062126,Meenakshi ,Nagar,02/09/1998,,Female,"Dayanand colony ,near satendra goyal,clg road baran",Baran,minithaniwal98961@gmail.com,,YES,28/06/2026,
S2901,,20/06/2026 17:48:32,9521421547,Shweta ,Jain,06/11/1999,,Female,103-a talwandi ,Kota,,Pigmentation / Melasma,NO,,
S2902,,20/06/2026 19:11:43,7388883614,Shriya,Singh,22/05/2009,,Female,Talwandi,Kota,shriyasingh2209@gmail.com,Pigmentation / Melasma,NO,,
S2903,,21/06/2026 12:05:04,8320474653,Kamal ,Soni,17/06/2000,,MALE,Kota,Kota ,kamalsoni4472@gmail.com,Acne scar ,NO,,
S2904,,21/06/2026 12:55:16,9956408066,Pratham,Gupta,26/03/2008,,Female,bhavya residency road number 2 indraprastha industrial area ,Kota,guptapratham660@gmail.com,Acne / Pimples,NO,,
S2905,,23/06/2026 17:02:06,8824130888,Shalini,Sharma ,12/07/1989,,Female,Khanpur ..near HP petrol pump ,Khanpur,,Hair fall,NO,,
S2906,,23/06/2026 18:38:04,8949592627,Akshay ,Sharma ,23/01/2001,,MALE,F6663 sadhya siddhi apartments ,Kota,naskarsunil018@gmail.com,Hair fall,NO,,
S2907,,24/06/2026 11:35:22,8306852945,Anshika,Jaiswal,09/11/2001,,Female,Mahaveer Nagar 3rd,Kota,anshikajaiswal1018@gmail.com,Anti-ageing,NO,,
S2908,,25/06/2026 18:32:57,8905535388,Varun ,Anand,23/11/1995,,MALE,292 mahaveer Nagar 2 ,Kota,varunanand231859@gmail.com,Pigmentation / Melasma,NO,,
S2909,,25/06/2026 18:36:09,8426829303,Shubham,Jain,13/06/1998,,MALE,Borkhera,Kota,jainshubham5671@gmail.com,,YES,07/06/2026,
S2910,,26/06/2026 12:07:57,9216951450,Janhvi ,Patel,26/07/2008,,Female,Kota,Kota,,Hair fall,NO,,
S2911,,26/06/2026 12:38:55,9672775888,Nirupam,Mishra,26/06/1979,,MALE,Kota,Kota,,Hair fall,NO,,
S2912,,26/06/2026 17:34:09,7611085574,Himanshu,Sharma ,02/08/1997,,MALE,Udai mod,Gangapur City ,himanshurnt208@gmail.com,,NO,,
S2913,,27/06/2026 12:10:12,7877027782,Nikita,Swami,17/07/1994,,Female,Balita ,Kota,,"Acne / Pimples, Scars",YES,29/11/2026,
S2914,,27/06/2026 18:31:51,9785118356,Aarchi ,Tiwari ,21/07/2001,,Female,Indergarh,Indergarh ,aarchi53650@gmail.com,,NO,,
S2915,,27/06/2026 19:44:27,9887977535,Dhruv,Arora,29/11/2006,,MALE,Kaithunipole,Kota,dhruvarora1098@gmail.com,Pigmentation / Melasma,NO,,
S2916,,28/06/2026 11:54:24,9541884085,Shagufta,Bag,01/01/1995,,Female,Kota,Kota,,,NO,,
S2917,,28/06/2026 11:56:43,9950691671,Sanju,Bai,04/07/1985,,Female,Kota,Kota,,,NO,,
S2918,,30/06/2026 17:39:55,9142819451,Chandrakishor,Kumar,03/09/2008,,MALE,Jawaharnagar ,Kota,,Acne / Pimples,NO,,
S2919,,30/06/2026 17:57:24,9166608111,Rohit,Vishnoi,18/05/2011,,MALE,"B-125,indra vihar",Bikaner,bishnoiramniwas1970@gmail.com,"Acne / Pimples, Hair fall",NO,,
S2920,,30/06/2026 18:01:05,9460815653,Shruti,Agarwal,30/07/1976,,Female,Mahaveer Nagar III,Kota,shruti.baran@gmail.com,Hair fall,NO,,
S2921,,01/07/2026 11:00:34,9929994581,Arsha ,Ali,28/08/2008,,Female,3- FA- 14 VIGYAN NAGAR,Kpta,ali.arsha2008@gmail.com,"Acne / Pimples, Pigmentation / Melasma, ",YES,15/08/2026,
S2922,,01/07/2026 11:57:37,8299558652,Ragini,Singh,15/07/1984,,Female,"Sky park ,Subhash nagar ",Kota,,,NO,,
S2923,,01/07/2026 13:41:38,8949990465,Manavi,Shukla,02/04/2007,,Female,"H. No. 87, Adarsh Nagar, Borkheda",Kota,,Hair fall,NO,,
S2924,,01/07/2026 18:18:40,7970589427,Sonu,Chaudhary ,23/03/2008,,MALE,Rajiv Nagar ,Kota,,Acne / Pimples,NO,,
S2925,,02/07/2026 10:58:50,9229505275,Ranbir,Singh ,15/07/2008,,MALE,"Ramgarh (bihar)
",गोपालगंज ,adityakumar43218888@gmail.com,,NO,,
S2926,,02/07/2026 11:51:06,8079044657,Sonal,Yadav,06/11/1998,,Female,Shakti nagar,Kota,,,YES,21/11/2026,
S2927,,02/07/2026 12:34:23,8852828004,Muskan,Khan,25/07/2001,,Female,Vigyan nagar ,Kota,muskkhan8900@gmail.com,Acne / Pimples,YES,05/10/2026,
S2928,,02/07/2026 12:37:03,9587423909,Monika ,Rathore ,06/08/1998,,Female,Kota,Kota,,Acne / Pimples,NO,,
S2929,,02/07/2026 12:39:04,9664498358,Kovid ,Singh rajawat,09/12/2013,,MALE,Kod,Kota ,,,NO,,⚠ Already registered: S1904 (Vaidhali Panwar)
S2930,,02/07/2026 12:40:55,7229836311, Rajani,Singh,13/09/1986,,Female,Kota ,Kota ,,,NO,,
S2931,,02/07/2026 12:42:49,9413512099,Ankam,Singh ,04/09/2013,,MALE,Kota ,Kota ,,,NO,,
S2932,,02/07/2026 12:47:34,9413942678,Nishtha,Bansal,10/08/2008,,Female,Kota ,Kota ,,,NO,,
S2933,,02/07/2026 12:49:15,9672775888,Nirupam ,Mishra ,16/05/1979,,MALE,Kota ,Kota ,,,NO,,⚠ Already registered: S2911 (Nirupam)
S2934,,02/07/2026 17:22:06,9672916092,Pinky,Khushwah ,01/01/1995,,Female,Kota ,Anta,,,NO,,
S2935,,02/07/2026 18:40:11,6367969905,Rajnee,Sharma,09/08/1984,,Female,Jhawhar nagar Swami Dayanand road,Kota,,Acne / Pimples,NO,,
S2936,,03/07/2026 17:17:08,7006727005,Majid ,Hussian ,04/05/2012,,MALE,Kota,Kota,,,NO,,
S2937,,03/07/2026 18:22:06,7742373007,Manisha,Nagar,20/03/1993,,Female,Baran,Baran,,,NO,,
S2938,,04/07/2026 12:33:18,9549650267,Isha,Pathak,27/03/1986,,Female,B 401 Aashirvaad Anandam Srinathpuram,Kota,ishapathak101@gmail.com,Hair reduction ,NO,,
S2939,,04/07/2026 12:56:08,8769854242,Akshita,Pandey,20/05/2005,,Female,Bijoliya,Bijoliya,,,NO,,
S2940,,05/07/2026 11:44:48,9549404372,Vishal,Jat,02/07/1995,,MALE,Ajmer,Ajmer,,Scar,NO,,
S2941,,06/07/2026 13:14:47,9950886786,GULNAJ ,BANO,03/06/1985,,Female,MANGROL ROAD BARAN,BARAN,gulnaj31bano@gmail.com,"Hair fall, Dandruff, Loose skin",NO,,
S2942,,06/07/2026 13:26:34,8503029622,Madhavi,Wadhwani,11/06/1995,,Female,"Hanuman mandir ki gali,ward no.8 old market ",Rawatbhata,madhviwadhwani4.mw@gmail.com,Pigmentation / Melasma,YES,11/07/2026,
S2943,,06/07/2026 17:09:51,7482874626,Zarya ,Tamin,12/06/2011,,Female,Vaishali Bihar,Hajipur,z99411776@gmail.com,"Acne / Pimples, ",NO,,
S2944,,06/07/2026 17:59:57,9414128339,Jot,Dhillon,22/09/2003,,MALE,Andher,Bundi,,,NO,,
S2945,,07/07/2026 17:46:38,9550522309,Rashmi,Verma,05/07/1983,,Female,Kunhadi,Kota ,rocky89879@gmail.com,Pigmentation / Melasma,NO,,
S2946,,07/07/2026 18:49:44,9829638886,Prince ,Chaudhary ,12/12/2006,,MALE,Vb,Vb,,Acne / Pimples,NO,,
S2947,,08/07/2026 19:02:41,8003722560,Palak ,Sharma,11/02/1998,,Female,Kota,Kota,,,NO,,
S2948,,09/07/2026 12:40:18,9784788811,Alisba,Mansuri,30/04/2022,,Female,Khatoli,Kota,,,NO,,
S2949,,09/07/2026 17:18:36,8987421965,Dev,Thakur,05/07/1982,,MALE,1513 Rk puram,Kota,bhishamdev123@gmail.com,"Hair fall, Anti-ageing",NO,,
S2950,,09/07/2026 19:04:20,8103429383,Pranjal,Gupta ,24/10/2009,,Female,Samleshwari mandir road ,Raigarh ,pranjal.guptaoct24@gmail.com,"Acne / Pimples, Hair fall",NO,,
S2951,,10/07/2026 11:17:43,7691889291,Aarti,Choudhary ,17/09/2000,,Female,Daulatpura,Jaipur,aartichoudhary9291@gmail.com,"Acne / Pimples, Hair fall",NO,,
S2952,,10/07/2026 12:38:04,9414154947,Surbhi,Sardar,28/08/2007,,Female,"Prem nagar affordable, kota industrial area ",Kota,surbhisardar50@gmail.com,"Acne / Pimples, Pigmentation / Melasma, Hair fall",NO,,
S2953,,10/07/2026 17:08:13,6376241784,Mahendra ,Singh ,08/07/1995,,MALE,Kota,Kota,,,NO,,
S2954,,10/07/2026 17:12:47,8839816665,Palak ,Gupta ,07/06/1986,,Female,Raigarh ,Raigarh ,,,NO,,
S2955,,10/07/2026 19:28:24,9256763504,ARYAN,RAJ,31/01/2007,,MALE,"Ashirvad Vaibhav 603-A,indra vihar, talwandi",Kota,rajaryan311007@gmai.com,Dandruff,NO,,
S2956,,11/07/2026 12:16:24,9417522939,Bharti ,Chawlani,15/10/1993,,Female,Green Aalyum,Kota,bhartibansal0002@gmail.com,Mole,YES,26/07/2026,
S2957,,11/07/2026 12:24:08,8107440825,Sarita ,Meena,21/03/2001,,Female,Bara,Bara,,,NO,,
S2958,,11/07/2026 12:46:11,8279211744,Jiya,Hada,12/01/1998,,Female,House number 2 near maryada school bundi,Bundi,jiyah1212@gmail.com,"Acne / Pimples, Pigmentation / Melasma",YES,21/11/2026,
S2959,,11/07/2026 12:57:52,7976740565,Purvi ,Pathak ,23/07/1993,,Female,Borkherda,Kota ,,,NO,,
S2960,,11/07/2026 19:18:44,9079066239,Pooja,Nagar,21/09/1995,,Female,Keshavpura near shiv temple,Kota,poojanagar8245@gmail.com,Dark patch,NO,,
S2961,,12/07/2026 12:45:12,9663470502,Dr saloni ,Vijay,09/06/1996,,Female,Talwandi,Kota,salonivijay96@gmail.com,,YES,01/12/2026,
S2962,,13/07/2026 13:04:16,8696733261,Rakesh ,Bheel ,08/08/2008,,MALE,Namana bundi ,Bundi ,bheelr709@gmail.com,"Acne / Pimples, Pigmentation / Melasma",NO,,
S2963,,13/07/2026 16:44:59,9928701451,Rubina ,Beghum ,25/06/1993,,Female,Kota,Kota ,,,NO,,
S2964,,13/07/2026 17:04:49,9558757114,Diana,Sunny,20/01/2000,,Female,Plot 376 new market ,Rawatbhata ,dianasneha2007@gmail.com,"Acne / Pimples, Pigmentation / Melasma",NO,,
S2965,,13/07/2026 17:29:02,7999702074,Rohan,Badgotya,19/07/2010,,MALE,"Tripollis,Rajeev Gandhi nagar",Kota,sonameena08@gmail.com,Acne / Pimples,NO,,
S2966,,13/07/2026 17:46:35,8104133333,Abhin,Sharma,24/06/1992,,MALE,Borkheda,Kota,abbin.sharma2492@gmail.com,Pigmentation / Melasma,NO,,
S2967,,13/07/2026 18:04:08,8875408918,Dr shaziya ,Akhtar ,30/03/1996,,Female,Vigyan nagar ,Kota,,"Acne / Pimples, ",NO,,
S2968,,13/07/2026 19:05:37,7073193123,Saumya,Jain,06/12/1996,,Female,Deepak general Store ,Bhawani mandi,sjain4547@gmail.com,Body tan & Redness,YES,21/12/2026,
S2969,,14/07/2026 11:27:49,7413051060,Gajendra ,Kushwaha ,19/07/2000,,MALE,Kushwaha manidr ke pass,Chhipaabarod ,,,NO,,
S2970,,14/07/2026 12:07:20,9302738634,Swati ,Singh,04/06/1989,,Female,Career point thegda,Kota,swati04singh06@gmail.com,"Pigmentation / Melasma, Hair fall",YES,30/07/2026,
S2971,,14/07/2026 12:08:43,9179173952,Indu,Rajput,10/04/1970,,Female,Career point gurukul thegda,Kota,swati04singh06@gmail.com,"Acne / Pimples, Pigmentation / Melasma, Anti-ageing",YES,30/07/2026,
S2972,,14/07/2026 12:50:21,9549499909,Maina ,Jangid,10/06/1996,,Female,Dei bundi rajasthan,Dei,,Acne / Pimples,NO,,
S2973,,14/07/2026 12:55:55,9116036456,Viivek ,Sharma,23/08/1993,,Female,Rk puram,Kota,viiveksharma9999@gmail.com,Pigmentation / Melasma,NO,,
S2974,,15/07/2026 18:39:21,9828400710,Nandini,Namdev,07/10/2005,,Female,"200, Pratap Nagar 1st, borkherda ",Kota,nandiniiinamdev@gmail.com,"Acne / Pimples, Hair fall",NO,,
S2975,,16/07/2026 18:36:34,9521254748,Omprakash ,Meena,13/05/1997,,MALE,Jhalawar aklera ,Jhalawar ,omprakashmeena0597@gmail.com,Hair fall,NO,,
S2976,,17/07/2026 12:49:05,7737777771,Arif,Khan,20/04/1989,,MALE,Patanpol,Kota,,Pigmentation / Melasma,YES,17/07/2026,
S2977,,17/07/2026 19:03:24,9352483868,Naziya,Khan,24/08/2005,,Female,Anant building ,Kota,,Acne / Pimples,NO,,
S2978,,18/07/2026 18:40:15,9462100060,Umesh,Jain,16/10/2000,,MALE,Kota ,Kota,,,NO,,
S2979,,20/07/2026 11:12:42,8690417277,Sakshi ,Rathore ,07/01/2003,,Female,Begun chittorgarh ,Chittor ,rathoresakshi37@gmail.com,"Acne / Pimples, Pigmentation / Melasma",NO,,
S2980,,20/07/2026 17:21:32,8690933913,Sunita,Prajapati,09/02/1982,,Female,"11B, vallabhnagar",Kota,dishaprajapatix126@gmail.com,Pigmentation / Melasma,NO,,
S2981,,20/07/2026 18:03:04,7340103163,Jyoti ,Rathor,29/11/1997,,Female,1-f-28 vigyan nagar,Kota,jyotirathor7877@gmail.com,Hair fall,NO,,
S2982,,20/07/2026 18:16:05,8803634162,Prince ,Kumar,04/12/2007,,MALE,Kota,Kota,,Hair fall,NO,,
S2983,,21/07/2026 12:21:37,9737446942,Riya,Khandelwal ,21/05/1993,,Female,"27, amrit kalash, new akashwani colony",Kota,rea.khandelwal@gmail.com,,NO,,
S2984,,21/07/2026 12:45:03,8955768974,Poonam ,Lalwani,09/12/2001,,Female,CAD Circle Dadabari ,Kota,lalwanipoonam809@gmail.com,Pigmentation / Melasma,NO,,
S2985,,21/07/2026 12:46:12,7375913996,Mahesh kumar pahadiya,Pahadiya,02/02/1996,,Female,House no.55 near by Naka chungi kunhari kota,Kota,pahadiyasanjana999@gmail.com,Acne / Pimples,NO,,
S2986,,21/07/2026 19:19:26,8414934510,Arup,Das,13/12/1987,,MALE,"Kumarghat , Tripura ",Kumarghat,arupdas751@gmail.com,Hair fall,NO,,
S2987,,22/07/2026 18:01:35,7878751588,Siddharth ,Pareta,27/03/2006,,MALE,New jawahar nagar ,Kota,siddharthpareta1827@gmail.com,Hair fall,NO,,
S2988,,22/07/2026 18:13:43,9588968798,Kanu,Meena,21/09/1999,,Female,Borkhera,Kota,kanum5320@gmail.com,Stretch marks ,YES,08/12/2026,⚠ Already registered: S135 (Kanupriya Meena)
S2989,,22/07/2026 18:38:11,9636095947,Rohit,Meena,01/09/1997,,MALE,Deoli tonk,Deoli,,Acne / Pimples,NO,,
S2990,,22/07/2026 18:59:57,7877743977,Khushboo ,Shetija,12/07/1998,,Female,H.no. 50 near Bombay art jewellers,Kota,khushbooshetija12@gmail.com,"Pigmentation / Melasma, ",YES,31/07/2026,
S2991,,22/07/2026 19:04:06,9887872750,Lakshita,Chourasiya,17/11/1994,,Female,Nayapura ,Kota,laks1711@gmail.com,"Acne / Pimples, Pigmentation / Melasma, Skin alergy ",NO,,
S2992,,22/07/2026 19:15:27,8955505602,Alka,Godara,01/01/2000,,Female,Kunadi,Kota,alkagodara0842@gmail.com,Lasers hair ,NO,,
S2993,,23/07/2026 11:09:11,6376662854,Sameer,Verma,29/05/2002,,MALE,Balita road kunhadi ,Kota ,,,NO,,
S2994,,23/07/2026 12:22:04,9057229688,Anubhav ,Goyal ,28/07/2002,,MALE,Chipra ,Chipra,,,NO,,
S2995,,23/07/2026 18:08:57,9040340040,Kalpana,Rout,18/04/2003,,Female,Coral park,Kota,routkalpanaa.18@gmail.com,Open pores and uneven skin tone,YES,12/08/2026,
S2996,,24/07/2026 12:39:18,8107103143,Najiya,Parveen ,04/03/2009,,Female,Raila ,Bhilwara ,ajad9001121818@gmail.com,"Acne / Pimples, Pigmentation / Melasma, Hair fall, Dandruff",NO,,
S2997,,24/07/2026 18:11:28,8696252812,Anju,Meena,06/08/1995,,Female,Raipura ,Kota,meenaanju812@gamil.com,Pigmentation / Melasma,NO,,
S2998,,24/07/2026 18:38:56,7849953590,Satish,Sharma,08/03/1980,,MALE,Abcd,Ramganjmandi,,,NO,,
S2999,,25/07/2026 17:46:03,9288059695,Raunak,Kumar,03/03/2008,,MALE,"Lalganj , vaishali ",Vaishali ,archerraunak12@gmail.com,,NO,,
S3000,,25/07/2026 19:00:08,7339767448,Kratika ,Soni,29/08/1997,,Female,Kota road,Baran,,Skin deses,NO,,
S3001,,26/07/2026 11:48:51,9079879392,Manoj ,Agrawal ,29/08/2000,,MALE,Kota,Kota,,Hair fall,NO,,
S3002,,27/07/2026 12:12:40,7976474267,Priyanka ,Maheshwari ,16/04/2003,,Female,"465, new Rajeev Gandhi Nagar ",Kota,priyankamaheshwari543@gmail.com,"Acne / Pimples, ",NO,,
S3003,,27/07/2026 13:15:06,7976062878,Maya,Meena,15/06/1996,,Female,Kunhadi ,Kota,,,NO,,
S3004,,27/07/2026 19:31:35,9352157901,Sweta,Choudhary,28/11/1987,,Female,Vallabbhari,Kota,,Weight losss,NO,,
S3005,,27/07/2026 19:33:40,7976217553,Bushra khan,Khan,13/11/2006,,Female,"Bus stand , Mandana ",Kota,bush797621@gmail.com,,NO,,
S3006,,28/07/2026 18:25:03,7357016793,Mohamad ,Zaid ,11/01/2001,,MALE,Abcd,Kota,,,NO,,⚠ Already registered: S1168 (Muskan Nilofar)
S3007,,29/07/2026 13:02:37,9930599675,Navya ,Tripuri,24/11/2003,,Female,"Akansha serenity, dadabarj",Kota,,Acne / Pimples,NO,,
S3008,,01/08/2026 12:55:44,6376153080,Saniya ,Mirza,27/02/1999,,Female,Borkherda ,Kota ,,Acne / Pimples,NO,,
S3009,,01/08/2026 16:45:42,6350372087,Sohail,Shaikh,11/08/1999,,MALE,B96 Raza Nagar Kota,Kota,shaikhsohail1760@gmail.com,"Acne / Pimples, Pigmentation / Melasma",YES,16/08/2026,
S3010,,01/08/2026 18:31:21,9971975369,Snehil,Kumar,13/09/2008,,MALE,Royal residency kota,Kota,mukeshneemwaal@gmail.com,"Acne / Pimples, Dandruff",NO,,
S3011,,01/08/2026 19:11:12,8209279419,Mohit sen,Sen,01/05/1993,,MALE,Mahaveer nagar first 198B ,Kota ,,Acne / Pimples,NO,,
S3012,,02/08/2026 11:26:44,9636023672,Anurag,Agrawal,24/02/2001,,MALE,Gumanpura Thane ke pass ,Kota,,Hair fall,NO,,
S3013,,02/08/2026 11:58:33,7727099876,Garima,Singhal,02/12/2000,,Female,Vivekanand Nagar ,Kota,,"Acne / Pimples, Pigmentation / Melasma, Hair fall, Dandruff",YES,14/12/2026,
S3014,,03/08/2026 13:28:47,9258749703,Harvansh,Chaturvedi ,27/07/2007,,MALE,MR heights kota,Kota,harshkumarsingh5333@gmail.com,"Acne / Pimples, Pigmentation / Melasma",NO,,
S3015,,03/08/2026 17:03:33,7878400594,Piyush ,Rathore ,10/03/2004,,Female,Kota,Kota ,,,NO,,
S3016,,03/08/2026 17:13:27,9571331428,Moomal,Rathore ,16/07/2006,,Female,Kota ,Kota ,,,NO,,
S3017,,04/08/2026 13:30:52,7999714068,Pratibha,Gupta,11/07/1977,,Female,Bhanpur,Bhanpur,,Pigmentation / Melasma,NO,,
S3018,,04/08/2026 18:22:20,9887696669,Parash,Piplani,29/08/1993,,MALE,590 shyam deva residency ,Kota,parashpiplani29@gmail.com,,NO,,
S3019,,05/08/2026 16:44:05,9887707444,Vivek,Viroy,15/05/2004,,MALE,"Kunhari, ambedkar colony",Kota,,Acne / Pimples,NO,,
S3020,,06/08/2026 11:21:42,8756395949,Vishist ,Jaiswal ,15/01/2007,,MALE,"Krishna residency, near Dinesh gas agency, indraprastha area ",Kota ,vishistjais15@gmail.com,Pigmentation / Melasma,NO,,
S3021,,06/08/2026 17:19:12,9079171393,Priyal,Meena,28/04/2000,,Female,Indra Vihar,Kota,,Acne / Pimples,YES,06/09/2026,
S3022,,06/08/2026 18:14:27,8209446640,Shreya ,Chaturvedi ,09/01/1998,,Female,Vivekanand Nagar,Kota,Shreya820944@gmail.com,Consultation ,YES,24/11/2026,
S3023,,06/08/2026 18:19:28,6203475280,Amrit ,Kumar,01/08/2007,,MALE,Jawahar Nagar kota,Kota,amritkumar54@gmail.com,Hair fall,NO,,
S3024,,08/08/2026 11:24:24,8290434112,Amanpal ,Singh,28/08/1996,,MALE,Bundi,Bundi,bainsaman0010@gmail.com,,NO,,
S3025,,08/08/2026 19:03:31,9887575781,Keerti ,Chauhan ,13/06/1983,,Female,Borkhera ,Kota,,Pigmentation / Melasma,NO,,
S3026,,10/08/2026 11:53:17,7014368538,Vishal,Bairwa,27/08/1994,,MALE,Badgoan kota,Kota,bairwav77@gmail.com,,NO,,
S3027,,11/08/2026 12:56:28,9902018805,Vinay,Kumar,06/01/1987,,MALE,Akanshadeep homes,Kota,vinay.kr26@hotmial.com,"Pigmentation / Melasma, Uneven skin texture, old acne scar, dark pigmentation around mouth and lower lips",NO,,
S3028,,11/08/2026 17:02:29,7014554538,Lavina,Virani,08/12/2000,,Female,Mahaveer Nagar extension,Kota,lavinavirani12@gmail.com,"Pigmentation / Melasma, Dulness",YES,26/01/2027,
S3029,,11/08/2026 17:13:57,9636290233,Jitendra,Yogi,21/08/1988,,MALE,Parshwanath pleasant canal road kinhadi,Kota,jituyogi.21@gmail.com,Lips,NO,,
S3030,,11/08/2026 19:04:52,9462414110,Pooja,Choudhary ,15/03/1995,,Female,"Bundi road , Kunhadi, kota",Kota,manishchoudharychota@gmail.com,,NO,,
S3031,,13/08/2026 12:12:56,9829988399,Jahnvi,Gaurr,30/11/2000,,Female,Aashirwad angan ,Kota,,Microbladimg correction,YES,29/08/2026,
S3032,,13/08/2026 12:49:15,9587998162,Sakshi ,Joshi,13/07/1998,,Female,"Pathik nagar -2 near minning office bijoliya, dist.bhilwara",Bhilwara ,joshi2018sakshi@gmail.com,,NO,,
S3033,,13/08/2026 16:58:00,8860347750,Sheetu,Verma ,30/12/1982,,Female,Delhi,Delhi,,,NO,,
S3034,,13/08/2026 18:01:43,8418858030,Deepika,Patel,29/07/2003,,Female,Pratapgarh,Pratapgarh,,,NO,,
S3035,,13/08/2026 18:21:58,6378864169,Abhishek ,Patidar ,25/03/2004,,MALE,Jhalawar Asnawar,Jhalawar ,,,NO,,
S3036,,13/08/2026 18:35:39,9024054359,Kashish ,Makhija,16/10/1972,,Female,B3 vallab nagar Kota Rajasthan ,Kota Rajasthan ,,,NO,,⚠ Already registered: S1977 (Kashish Makhja)
S3037,,13/08/2026 18:52:45,9521209088,Suryansh ,Singh,07/03/2004,,MALE,New jawahar nagar ,Kota,suryansh.thakur9026@gmail.com,Hair fall,YES,13/08/2026,
S3038,,14/08/2026 11:00:03,8302715879,Yashvendra ,Singh,11/06/2007,,MALE,Kunadi,Kota,,Pigmentation / Melasma,YES,27/08/2026,
S3039,,14/08/2026 12:49:07,6376448737,Vishal ,Vaishnav ,12/05/2006,,MALE,Gadepan Kota ,Kota ,,"Acne / Pimples, Pigmentation / Melasma, ",NO,,
S3040,,15/08/2026 11:30:11,8619738343,Monika ,Meena ,15/03/2000,,Female,Anta,Anta ,,,NO,,
S3041,,15/08/2026 17:30:01,8290073777,Jyoti ,Chouhan ,01/04/1987,,Female,Mansarovar colony Jhalawar ,Jhalawar ,harishkumarsuman12@gmail.com,Pigmentation / Melasma,NO,,
S3042,,16/08/2026 12:24:27,7750000579,Jayadev nial,Nial,26/01/1998,,MALE,Udiya basti Ganesh talab kota,Kota,,,NO,,
S3043,,16/08/2026 12:39:03,9829850539,Avanti ,Gaikwad ,11/02/1989,,Female,H-03 Heavy Water Colony Rawatbhata ,Rawatbhata ,avanti.gaikwad@gmail.com,Hair fall,NO,,
S3044,,17/08/2026 12:05:45,9636082312,Jyoti ,Choudhary ,05/05/1994,,Female,Baniyani ladpura kota,Kota,,,NO,,
S3045,,17/08/2026 17:06:47,9956408066,Pratham ,Gupta ,26/03/2008,,MALE,Kota ,Kota ,,,NO,,⚠ Already registered: S2904 (Pratham)
S3046,,17/08/2026 17:08:41,9672628838,Shivani,Maharishi ,10/06/1993,,Female,Kota ,Kota ,,,NO,,
S3047,,17/08/2026 17:21:22,9910730250,Ausaf,Aalam ,05/08/2026,,MALE,Pukhraj element,Kota ,,"Acne / Pimples, Pigmentation / Melasma, Hair fall",NO,,
S3048,,17/08/2026 17:27:06,7903527354,Ayush,Mishra ,01/06/2007,,MALE,New jawahar nagar ,Kota,ayushmishra3119@gmail.com,Acne / Pimples,NO,,
S3049,,17/08/2026 19:13:08,7739480710,Pintu,Kumar,04/02/2005,,MALE,Rajeev Gandhi nagar,Kota,ab406ydv@gmail.com,,NO,,
S3050,,18/08/2026 12:20:55,7976049825,Meena,Agarwal,19/11/2004,,Female,Raipura kota,Kota,meenaagarwal1235@gmail.com,Pigmentation / Melasma,NO,,
S3051,,18/08/2026 17:46:07,8959601053,Nashrah ,Qureshi,17/08/2004,,Female,Anantpura,Kota ,,Skin laser,YES,22/08/2026,
S3052,,18/08/2026 19:18:42,7005441089,Susmita ,Banik,02/05/1985,,Female,Tripura,Agartala,adisusmita22@gmail.com,,NO,,
S3053,,19/08/2026 12:26:11,9368139963,Sudha,Ahuja ,24/08/1975,,Female,Kota ,Kota ,,,NO,,
S3054,,19/08/2026 12:29:30,9368139963,Surbhi,Talwar,21/03/1985,,Female,Kota ,Kota ,,,NO,,⚠ Already registered: S3053 (Sudha)
S3055,,19/08/2026 13:17:43,9001362786,Madina ,Bano,07/08/1989,,Female,Anta,Anta,,,NO,,
S3056,,19/08/2026 13:34:27,9462738034,Rekha,Gurbaxani,22/03/1966,,Female,Kota,Kota ,,,NO,,
S3057,,19/08/2026 13:43:05,9251838512,Rozi ,Kaur,05/08/1984,,Female,Akanshadeep homes ,Kota,rozipradeep2@gmail.com,Acne / Pimples,NO,,
S3058,,19/08/2026 16:57:02,9116654643,Anjani,Paul,06/04/2003,,Female,CFCL,Kota,,"Dry, flaky and irritating skin condition on face",NO,,
S3059,,21/08/2026 11:23:55,9928316120,Jaspreet ,Kaur,26/11/1978,,Female,Mahaveer Nagar 2 ,Kota,,,NO,,
S3060,,21/08/2026 11:27:30,9166754408,Nindar ,Kaur ,29/12/1995,,Female,Shreenath residency behind maheshwari resort A2 ,Kota ,,Pigmentation / Melasma,NO,,
S3061,,21/08/2026 13:07:42,8426083730,Banabari ,Dagur,06/12/2008,,MALE,Mahaveer Nagar 1st ,Kota,kunaldagur375@gmail.com,Acne / Pimples,NO,,
S3062,,21/08/2026 17:50:17,8104604735,Seema,Ojha,01/01/1986,,Female,Kota,Kota,,,NO,,
S3063,,21/08/2026 19:15:51,9549348977,Kartikay,Marwada,12/07/2000,,MALE,Kota ,Kota ,kartikaymarwada95719@gmail.com,"Hair fall, ",NO,,
S3064,,22/08/2026 18:33:03,9950644990,Kajal,Talreja,28/08/1996,,Female,Shivpura,Kota,kajuhirani2848@gmail.com,,NO,,
S3065,,22/08/2026 18:45:33,8302049858,Prerana ,Goyal,03/08/1989,,Female,Chhipaabarod dis baran, Baran,prernagoyal7566@gmail.com,Hair removal ,YES,28/08/2026,
S3066,,22/08/2026 19:08:32,9352682667,Minakshi,Mewara,10/08/1998,,Female,Keshapura kota,Kota,vparth703@gmail.com,"Acne / Pimples, Pigmentation / Melasma",NO,,
S3067,,23/08/2026 11:22:03,9098008820,Insiya,Badri,08/11/2008,,Female, Baroda road Sheopur (m.p),Sheopur ,idrisbadri10@gmail.com,"Hair fall, Dandruff",NO,,
S3068,23/08/2026 12:12:56,9548319589,Bhawana,Yadav,05/12/2007,,Female,GTC LINE KOTA CANTT,Kota,sapnayadav9454006640@gamil.com,Hair fall,NO,,,
S3069,23/08/2026 12:26:35,9981085882,Shraddha ,Dubey,12/09/1987,,Female,Rangbadi behind power house ,Kota,ruchigovinddubey@gmail.com,Pigmentation / Melasma,NO,,,